,Month,WeekOfMonth,DayOfWeek,Make,AccidentArea,DayOfWeekClaimed,MonthClaimed,WeekOfMonthClaimed,Sex,MaritalStatus,Fault,PolicyType,VehicleCategory,VehiclePrice,RepNumber,Deductible,DriverRating,Days_Policy_Accident,Days_Policy_Claim,PastNumberOfClaims,AgeOfVehicle,AgeOfPolicyHolder,PoliceReportFiled,WitnessPresent,AgentType,NumberOfSuppliments,AddressChange_Claim,NumberOfCars,Year,BasePolicy,age_band,FraudFound_P
Month,0.0,-0.024341142588597396,-0.02826481589298483,-0.02787181188321774,-0.02005339997972357,0.001161565161484586,0.001028167279816139,-0.0004228635506413822,-0.01816608687418444,-0.01576499311364902,-0.033195458331111,-0.03163845161105254,-0.03406235711605876,-0.020698607094694416,-0.031096141688340774,-0.026924975054167237,-0.02485892757895889,-0.024455593574369983,-0.027709362049591645,-0.026301647083252874,-0.003605411650667377,-0.010708653689372453,-0.04870706440368073,-0.026141415762346742,-0.03143532803475957,-0.029791947499540342,-0.02874576103965511,-0.05910635790448773,-0.0029048665554385553,-0.03080800960571851,-0.012867215301652205,-0.023341959496618415
WeekOfMonth,-0.024341142588597396,0.0,-0.0014320041123469691,-0.033621127638627145,-0.022689249428979104,-0.0003975053776364944,-0.018238678421098144,0.002796781330412945,-0.009554691063296475,-0.017538693382170907,-0.015134832039910937,-0.02957268028670819,-0.015545934163553163,-0.013710363506622667,-0.028996788184659852,-0.012254351006003594,-0.020479023434726365,-0.018977257236368013,-0.01925873676766346,-0.01847848382409717,-0.01623233522103292,-0.02000380925322074,-0.01220806979697531,-0.02362370062898695,-0.009338894361533276,-0.015197765484436444,-0.019620311877082353,-0.012373781233669199,-0.01878597417364229,-0.009336524124908735,-0.01855554070109176,-0.007046064324301776
DayOfWeek,-0.02826481589298483,-0.0014320041123469691,0.0,-0.030254156115479394,-0.03009186161627179,0.009406327662365432,-0.01646820542661854,-0.00010936932823079823,-0.02313913589116403,-0.029222827765067693,-0.0382066064641806,-0.03480092576753036,-0.0518581060678371,-0.023122780383786085,-0.0288943525404145,-0.02623170682647115,-0.020766772211710333,-0.025294392362970364,-0.013031394894607366,-0.023289614024801057,-0.022777115473739333,-0.029437980912002018,-0.017681041286438718,-0.016811630976611383,-0.02219276118525806,-0.016353330025913854,-0.01437879579660506,-0.01620215435359123,-0.014667881050400892,-0.048433421109907275,-0.029560417754239843,-0.020940084001860704
Make,-0.02787181188321774,-0.033621127638627145,-0.030254156115479394,0.0,-0.05864479676941166,-0.02770052888219609,-0.026309168378800474,-0.025617746442671906,-0.024674177405235427,-0.022557293862762326,-0.04462628660387938,-0.06033602412374808,-0.027102038360173858,-0.006685198410712967,-0.03076417880148518,-0.03061404183952228,-0.025716197047127895,-0.04211365227742549,-0.030143143992896432,-0.025944778413284793,-0.01641146766524268,-0.0180959701065921,-0.035573885133532664,-0.01914735289454151,-0.03286119580510086,-0.029522179081217327,-0.026581108467171256,-0.04129302477118301,-0.02416660756203685,2.3865862076505318e-05,-0.017070777294905637,-0.04288992085612839
AccidentArea,-0.02005339997972357,-0.022689249428979104,-0.03009186161627179,-0.05864479676941166,0.0,-0.01221108176671657,-0.019353699541362613,-0.015282705555065198,-0.024705544220640533,-0.011373275982185726,-0.008506049518541203,-0.006307774376223235,-0.0028373535816519635,-0.01832707901705285,-0.03124527022607684,-0.009131707440423756,-0.003040225597778205,-0.008582943785480952,-0.006183183886111086,-0.002508573226465416,-0.02437932173167396,-0.022485865785156656,-0.003378830415881,-0.02292133016437483,-0.0068721207285672836,-0.01995023147344722,-0.046276411625517176,-0.018885939870180314,0.0007131311072830682,0.0002543204992790718,-0.030037163639554016,-0.012778705162351226
DayOfWeekClaimed,0.001161565161484586,-0.0003975053776364944,0.009406327662365432,-0.02770052888219609,-0.01221108176671657,0.0,-0.0016110285961960166,-0.0021723776983205295,-0.005052269116041007,-0.02121888813303922,-0.03404046552139702,-0.04220721582374322,-0.030306722265002917,-0.02064129359965894,-0.03175550373345499,-0.02295775082111816,-0.02142515770324141,-0.02189355988406229,-0.02233135227686816,-0.022177934764848816,-0.02086174624854968,-0.026920113013313596,-0.018667151873305705,-0.02165038589679078,-0.017161137435479427,-0.025270033030902212,-0.021163547252575472,-0.024376821241574455,-0.015896017875472065,-0.029393583034800545,-0.02525360091161219,-0.022413245800757424
MonthClaimed,0.001028167279816139,-0.018238678421098144,-0.01646820542661854,-0.026309168378800474,-0.019353699541362613,-0.0016110285961960166,0.0,-0.002307883818533127,-0.017773558030285873,-0.024587379739372656,-0.03506416742430488,-0.03134357096830252,-0.032169929735661025,-0.02544538680339111,-0.031000874604808097,-0.02196115359468737,-0.02726894830520044,-0.02205543572895586,-0.02462644818910371,-0.02636986779417949,-0.013943185511575897,-0.020192105317859088,-0.06033523902987349,-0.023337582949978106,-0.031747214661145925,-0.030788199715712027,-0.020371340013441493,-0.042023186014765596,-0.010709774043329262,-0.03735153126346601,-0.020735823191072228,-0.028594426207526943
WeekOfMonthClaimed,-0.0004228635506413822,0.002796781330412945,-0.00010936932823079823,-0.025617746442671906,-0.015282705555065198,-0.0021723776983205295,-0.002307883818533127,0.0,-0.004531387665562008,-0.01599910629365222,-0.0030649933619361133,-0.02739365879683483,-0.028121508181540966,-0.019806777941036392,-0.029528010790947686,-0.014981048046700151,-0.01265698661796065,-0.011893185756409805,-0.018222393194848936,-0.02066928659891431,-0.016446257422498306,-0.014606640849498965,-0.012795901164908464,-0.013024959825746404,-0.013736415579318133,-0.012021029204516118,-0.016384714378234706,-0.015619535604705331,-0.005519647095691051,-0.025718557827124542,-0.01590429441971907,-0.008467959191588246
Sex,-0.01816608687418444,-0.009554691063296475,-0.02313913589116403,-0.024674177405235427,-0.024705544220640533,-0.005052269116041007,-0.017773558030285873,-0.004531387665562008,0.0,-0.008108702572163923,0.0038150330020534466,-0.06464800221284053,-0.0495909319564037,0.000306623468110917,-0.030319097222665903,-0.008115478932528987,-0.002305684990537408,-0.01222109069849523,-0.014240844396649473,-7.50787314874532e-05,0.0016198015176789315,0.024403667147367886,-0.004414203169739339,-0.0010650286189177135,-0.008975399372052117,-0.015093606380759997,0.0006404496776449501,-0.008746527849943307,-0.016447323236283177,-0.05780242588163429,0.028143869883713396,-0.003917842089783817
MaritalStatus,-0.01576499311364902,-0.017538693382170907,-0.029222827765067693,-0.022557293862762326,-0.011373275982185726,-0.02121888813303922,-0.024587379739372656,-0.01599910629365222,-0.008108702572163923,0.0,-0.01889725711771476,-0.01485493411968971,-0.018793312478516903,-0.01754562526488123,-0.03172100184159468,0.001708940525997009,-0.014332122670474016,-0.025477171288602298,-0.014846004566865922,-0.021811767841479063,-0.007396956938283905,-0.004806563563407973,-0.016006323593597972,-0.01953145530900824,-0.010788304833549707,0.012265272781532246,-0.009315511060948845,-0.018955645864549897,-0.015913212740946946,-0.009186171581034241,-0.005516201417925359,8.949566698740648e-05
Fault,-0.033195458331111,-0.015134832039910937,-0.0382066064641806,-0.04462628660387938,-0.008506049518541203,-0.03404046552139702,-0.03506416742430488,-0.0030649933619361133,0.0038150330020534466,-0.01889725711771476,0.0,0.00426815634702532,0.004600196799576156,0.00045787347269168194,-0.026345857703476687,-0.0014184118937508516,-0.01418880525015093,-0.03683803252935944,-0.029259441106028627,-0.03337503782465322,-0.02941234248171872,-0.020209378021910005,-0.015181462158651363,-0.0005580811799568014,0.013773080866204788,-0.02699125817791739,-0.004258992756015202,-0.014722290228899034,-0.0003241543209865985,0.004112953059033475,-0.023556175339349273,-0.003658815358952072
PolicyType,-0.03163845161105254,-0.02957268028670819,-0.03480092576753036,-0.06033602412374808,-0.006307774376223235,-0.04220721582374322,-0.03134357096830252,-0.02739365879683483,-0.06464800221284053,-0.01485493411968971,0.00426815634702532,0.0,-1.1102230246251565e-16,-0.0005381320720781457,-0.028334262431896066,-0.20952986713172186,-0.018664263993512453,-0.02499702459283137,-0.020229402398895778,0.0005878693518652223,-0.035425483623258695,-0.01569612737304757,-0.04728662811431488,-0.04632836840273738,-0.008203651903328613,-0.033477359569756504,-0.043888560408569775,-0.030052802576145794,-0.03146929991092377,1.1102230246251565e-16,-0.015774591994762416,-0.0010765044091058662
VehicleCategory,-0.03406235711605876,-0.015545934163553163,-0.0518581060678371,-0.027102038360173858,-0.0028373535816519635,-0.030306722265002917,-0.032169929735661025,-0.028121508181540966,-0.0495909319564037,-0.018793312478516903,0.004600196799576156,-1.1102230246251565e-16,0.0,-0.0015419284410880807,-0.026674617316429478,-0.016136945037936723,-0.0111326994224673,-0.021161351087512555,-0.008190555730694254,0.0024477442979808917,-0.023358168038651546,-0.0016209354844425178,-0.04907970569956329,-0.016476340318213507,0.0007352983087521442,-0.00873961742656425,-0.014060413943067653,-0.01086744914482523,-0.006721335508283445,0.0008008481576581294,-0.0006531964765830733,-4.5453726577215914e-05
VehiclePrice,-0.020698607094694416,-0.013710363506622667,-0.023122780383786085,-0.006685198410712967,-0.01832707901705285,-0.02064129359965894,-0.02544538680339111,-0.019806777941036392,0.000306623468110917,-0.01754562526488123,0.00045787347269168194,-0.0005381320720781457,-0.0015419284410880807,0.0,-0.0276072933473872,-0.004054198681915418,-0.01147740330338823,-0.01897779869069941,-0.021630566542472245,-0.0021215960170530984,-0.010889525658788257,-0.017159494052710084,-0.019224476475957677,-0.011354846938504783,-0.07138687573072715,-0.012589587774652508,-0.015265544346679639,-0.01959514229363611,-0.029778285416678332,-0.0012336071103080104,-0.01661853842501934,-0.009486201564632792
RepNumber,-0.031096141688340774,-0.028996788184659852,-0.0288943525404145,-0.03076417880148518,-0.03124527022607684,-0.03175550373345499,-0.031000874604808097,-0.029528010790947686,-0.030319097222665903,-0.03172100184159468,-0.026345857703476687,-0.028334262431896066,-0.026674617316429478,-0.0276072933473872,0.0,-0.028485172906635943,-0.027350815113558708,-0.0329863745424726,-0.027079576921449116,-0.027346604495367674,-0.03677120400793879,-0.036377744344770174,-0.024542667897522366,-0.032196172680685524,-0.03126544231702401,-0.030513732505253348,-0.02779426146815593,-0.027510691650681575,-0.03127168839040053,-0.026816450553975937,-0.03510000636136605,-0.032332508447212714
Deductible,-0.026924975054167237,-0.012254351006003594,-0.02623170682647115,-0.03061404183952228,-0.009131707440423756,-0.02295775082111816,-0.02196115359468737,-0.014981048046700151,-0.008115478932528987,0.001708940525997009,-0.0014184118937508516,-0.20952986713172186,-0.016136945037936723,-0.004054198681915418,-0.028485172906635943,0.0,-0.010763641839787437,-0.006273636300754797,-0.007034444708397447,-0.0112298084112697,-0.001853160878599977,-0.009495875257412724,0.007824913067236825,-0.011152522415526537,-0.0036999016159489826,-0.010715470851927136,-0.004799240393867477,-0.009054395895192885,-0.0027776932583134005,-0.010815735058196491,-0.013041892712210124,-0.02194929646153662
DriverRating,-0.02485892757895889,-0.020479023434726365,-0.020766772211710333,-0.025716197047127895,-0.003040225597778205,-0.02142515770324141,-0.02726894830520044,-0.01265698661796065,-0.002305684990537408,-0.014332122670474016,-0.01418880525015093,-0.018664263993512453,-0.0111326994224673,-0.01147740330338823,-0.027350815113558708,-0.010763641839787437,0.0,-0.01449552787381794,-0.010382707867202915,-0.009470256917162186,-0.001865557249314892,1.5482064690236497e-05,-0.012756926374248054,-0.011378809983399027,-0.012759940014369987,-0.012308903478622398,-0.011743447963842652,-0.017544374464106754,-0.012346884363421316,-0.007797277219554118,0.0006559622726524973,-0.0005737330382447337
Days_Policy_Accident,-0.024455593574369983,-0.018977257236368013,-0.025294392362970364,-0.04211365227742549,-0.008582943785480952,-0.02189355988406229,-0.02205543572895586,-0.011893185756409805,-0.01222109069849523,-0.025477171288602298,-0.03683803252935944,-0.02499702459283137,-0.021161351087512555,-0.01897779869069941,-0.0329863745424726,-0.006273636300754797,-0.01449552787381794,0.0,0.002839513690788442,-0.025726261627487968,-0.016685255704984643,-0.015932908913549555,-0.01729185483408131,-0.0492947323778857,-0.009163008480421255,-0.002969954838769877,-0.020281989670336537,-0.058031251885238284,-0.012858034809246474,-0.021086417470716358,-0.018729260980146892,-0.02228519598836474
Days_Policy_Claim,-0.027709362049591645,-0.01925873676766346,-0.013031394894607366,-0.030143143992896432,-0.006183183886111086,-0.02233135227686816,-0.02462644818910371,-0.018222393194848936,-0.014240844396649473,-0.014846004566865922,-0.029259441106028627,-0.020229402398895778,-0.008190555730694254,-0.021630566542472245,-0.027079576921449116,-0.007034444708397447,-0.010382707867202915,0.002839513690788442,0.0,-0.02294613011660046,-0.021575552747753583,-0.019573249424486627,-0.025154517725993832,-0.016933896753266325,-0.007658592458533398,-0.000934043126543653,-0.010134319371059589,-0.008077731627646745,-0.0073792480659972785,-0.01399943691904912,-0.022671551913504735,-0.01539043406952429
PastNumberOfClaims,-0.026301647083252874,-0.01847848382409717,-0.023289614024801057,-0.025944778413284793,-0.002508573226465416,-0.022177934764848816,-0.02636986779417949,-0.02066928659891431,-7.50787314874532e-05,-0.021811767841479063,-0.03337503782465322,0.0005878693518652223,0.0024477442979808917,-0.0021215960170530984,-0.027346604495367674,-0.0112298084112697,-0.009470256917162186,-0.025726261627487968,-0.02294613011660046,0.0,-0.028945816804202256,-0.01808584270660362,-0.02079195147245885,-0.009841071861003586,0.002551352715961637,-0.004315151663987375,-0.01744206859505038,-0.01697734944618192,-0.017549323037264624,0.0013929582265482798,-0.01914371378544755,0.005921639387641821
AgeOfVehicle,-0.003605411650667377,-0.01623233522103292,-0.022777115473739333,-0.01641146766524268,-0.02437932173167396,-0.02086174624854968,-0.013943185511575897,-0.016446257422498306,0.0016198015176789315,-0.007396956938283905,-0.02941234248171872,-0.035425483623258695,-0.023358168038651546,-0.010889525658788257,-0.03677120400793879,-0.001853160878599977,-0.001865557249314892,-0.016685255704984643,-0.021575552747753583,-0.028945816804202256,0.0,-0.008394888768698094,-0.026361732187863238,-0.04488680075313508,-0.02300404962125584,-0.00468776381153195,-0.0018260867672498134,-0.0053108469528833635,-0.020909664085651914,-0.020323557909303666,-0.008067117827131653,-0.012609894853697262
AgeOfPolicyHolder,-0.010708653689372453,-0.02000380925322074,-0.029437980912002018,-0.0180959701065921,-0.022485865785156656,-0.026920113013313596,-0.020192105317859088,-0.014606640849498965,0.024403667147367886,-0.004806563563407973,-0.020209378021910005,-0.01569612737304757,-0.0016209354844425178,-0.017159494052710084,-0.036377744344770174,-0.009495875257412724,1.5482064690236497e-05,-0.015932908913549555,-0.019573249424486627,-0.01808584270660362,-0.008394888768698094,0.0,-0.030678066187321815,-0.03396021962586898,-0.004608927932957908,-0.007076406712589453,-0.010247573180322133,-0.017865023576748233,-0.029576878132332996,-0.0008409964800861341,6.907367226105521e-05,-0.00792422169725869
PoliceReportFiled,-0.04870706440368073,-0.01220806979697531,-0.017681041286438718,-0.035573885133532664,-0.003378830415881,-0.018667151873305705,-0.06033523902987349,-0.012795901164908464,-0.004414203169739339,-0.016006323593597972,-0.015181462158651363,-0.04728662811431488,-0.04907970569956329,-0.019224476475957677,-0.024542667897522366,0.007824913067236825,-0.012756926374248054,-0.01729185483408131,-0.025154517725993832,-0.02079195147245885,-0.026361732187863238,-0.030678066187321815,0.0,0.003609593475616929,-0.0156876575910634,-0.01298265933179217,-0.00027720883000681776,-0.0013533749474672029,-0.026910081419621684,-0.04293180953603399,-0.0283171558662774,-0.003926867509684474
WitnessPresent,-0.026141415762346742,-0.02362370062898695,-0.016811630976611383,-0.01914735289454151,-0.02292133016437483,-0.02165038589679078,-0.023337582949978106,-0.013024959825746404,-0.0010650286189177135,-0.01953145530900824,-0.0005580811799568014,-0.04632836840273738,-0.016476340318213507,-0.011354846938504783,-0.032196172680685524,-0.011152522415526537,-0.011378809983399027,-0.0492947323778857,-0.016933896753266325,-0.009841071861003586,-0.04488680075313508,-0.03396021962586898,0.003609593475616929,0.0,-0.01054865216279479,-0.012624239105741883,-0.008190707425455567,-0.00886105483109866,-0.0150217920876377,-0.02895146883161056,-0.024209922172130926,0.0012402583728514053
AgentType,-0.03143532803475957,-0.009338894361533276,-0.02219276118525806,-0.03286119580510086,-0.0068721207285672836,-0.017161137435479427,-0.031747214661145925,-0.013736415579318133,-0.008975399372052117,-0.010788304833549707,0.013773080866204788,-0.008203651903328613,0.0007352983087521442,-0.07138687573072715,-0.03126544231702401,-0.0036999016159489826,-0.012759940014369987,-0.009163008480421255,-0.007658592458533398,0.002551352715961637,-0.02300404962125584,-0.004608927932957908,-0.0156876575910634,-0.01054865216279479,0.0,-0.02952403077460071,-0.022941442213214834,-0.02606297357655762,-0.01194389542442545,-0.001863249719704585,-0.008142506519278152,-0.008161775899211146
NumberOfSuppliments,-0.029791947499540342,-0.015197765484436444,-0.016353330025913854,-0.029522179081217327,-0.01995023147344722,-0.025270033030902212,-0.030788199715712027,-0.012021029204516118,-0.015093606380759997,0.012265272781532246,-0.02699125817791739,-0.033477359569756504,-0.00873961742656425,-0.012589587774652508,-0.030513732505253348,-0.010715470851927136,-0.012308903478622398,-0.002969954838769877,-0.000934043126543653,-0.004315151663987375,-0.00468776381153195,-0.007076406712589453,-0.01298265933179217,-0.012624239105741883,-0.02952403077460071,0.0,-0.010255205109529986,-0.013404731676393866,-0.019329505006557675,-0.00925011451678548,-0.005838171552374705,-0.010927734473445794
AddressChange_Claim,-0.02874576103965511,-0.019620311877082353,-0.01437879579660506,-0.026581108467171256,-0.046276411625517176,-0.021163547252575472,-0.020371340013441493,-0.016384714378234706,0.0006404496776449501,-0.009315511060948845,-0.004258992756015202,-0.043888560408569775,-0.014060413943067653,-0.015265544346679639,-0.02779426146815593,-0.004799240393867477,-0.011743447963842652,-0.020281989670336537,-0.010134319371059589,-0.01744206859505038,-0.0018260867672498134,-0.010247573180322133,-0.00027720883000681776,-0.008190707425455567,-0.022941442213214834,-0.010255205109529986,0.0,0.00036269562674323685,-0.00941217664017973,-0.021891299298065693,-0.014187348021830592,-0.028269681685594933
NumberOfCars,-0.05910635790448773,-0.012373781233669199,-0.01620215435359123,-0.04129302477118301,-0.018885939870180314,-0.024376821241574455,-0.042023186014765596,-0.015619535604705331,-0.008746527849943307,-0.018955645864549897,-0.014722290228899034,-0.030052802576145794,-0.01086744914482523,-0.01959514229363611,-0.027510691650681575,-0.009054395895192885,-0.017544374464106754,-0.058031251885238284,-0.008077731627646745,-0.01697734944618192,-0.0053108469528833635,-0.017865023576748233,-0.0013533749474672029,-0.00886105483109866,-0.02606297357655762,-0.013404731676393866,0.00036269562674323685,0.0,-0.01417890808944495,-0.011034897625158762,-0.020100530439195748,-0.0017726778105352104
Year,-0.0029048665554385553,-0.01878597417364229,-0.014667881050400892,-0.02416660756203685,0.0007131311072830682,-0.015896017875472065,-0.010709774043329262,-0.005519647095691051,-0.016447323236283177,-0.015913212740946946,-0.0003241543209865985,-0.03146929991092377,-0.006721335508283445,-0.029778285416678332,-0.03127168839040053,-0.0027776932583134005,-0.012346884363421316,-0.012858034809246474,-0.0073792480659972785,-0.017549323037264624,-0.020909664085651914,-0.029576878132332996,-0.026910081419621684,-0.0150217920876377,-0.01194389542442545,-0.019329505006557675,-0.00941217664017973,-0.01417890808944495,0.0,-0.014282038666903425,-0.027104505423379645,-0.007380569032594174
BasePolicy,-0.03080800960571851,-0.009336524124908735,-0.048433421109907275,2.3865862076505318e-05,0.0002543204992790718,-0.029393583034800545,-0.03735153126346601,-0.025718557827124542,-0.05780242588163429,-0.009186171581034241,0.004112953059033475,1.1102230246251565e-16,0.0008008481576581294,-0.0012336071103080104,-0.026816450553975937,-0.010815735058196491,-0.007797277219554118,-0.021086417470716358,-0.01399943691904912,0.0013929582265482798,-0.020323557909303666,-0.0008409964800861341,-0.04293180953603399,-0.02895146883161056,-0.001863249719704585,-0.00925011451678548,-0.021891299298065693,-0.011034897625158762,-0.014282038666903425,0.0,-0.0014098768232992664,-0.0002612478912178695
age_band,-0.012867215301652205,-0.01855554070109176,-0.029560417754239843,-0.017070777294905637,-0.030037163639554016,-0.02525360091161219,-0.020735823191072228,-0.01590429441971907,0.028143869883713396,-0.005516201417925359,-0.023556175339349273,-0.015774591994762416,-0.0006531964765830733,-0.01661853842501934,-0.03510000636136605,-0.013041892712210124,0.0006559622726524973,-0.018729260980146892,-0.022671551913504735,-0.01914371378544755,-0.008067117827131653,6.907367226105521e-05,-0.0283171558662774,-0.024209922172130926,-0.008142506519278152,-0.005838171552374705,-0.014187348021830592,-0.020100530439195748,-0.027104505423379645,-0.0014098768232992664,0.0,-0.009750254361031739
FraudFound_P,-0.023341959496618415,-0.007046064324301776,-0.020940084001860704,-0.04288992085612839,-0.012778705162351226,-0.022413245800757424,-0.028594426207526943,-0.008467959191588246,-0.003917842089783817,8.949566698740648e-05,-0.003658815358952072,-0.0010765044091058662,-4.5453726577215914e-05,-0.009486201564632792,-0.032332508447212714,-0.02194929646153662,-0.0005737330382447337,-0.02228519598836474,-0.01539043406952429,0.005921639387641821,-0.012609894853697262,-0.00792422169725869,-0.003926867509684474,0.0012402583728514053,-0.008161775899211146,-0.010927734473445794,-0.028269681685594933,-0.0017726778105352104,-0.007380569032594174,-0.0002612478912178695,-0.009750254361031739,0.0
