config,model,train_rows,pr_auc,pr_lo,pr_hi,pr_auc_seed_sd,roc_auc,roc_lo,roc_hi,delta_pr_auc_vs_TRTR: real only,lo,hi
TRTR: real only,lgbm,10793,0.21161951154018094,0.17077827988587013,0.27794276145967306,0.010913420370984079,0.828814041682937,0.8039319326507515,0.8531133143163482,,,
"TSTR: synthetic, same size as real",lgbm,10793,0.182727823741011,0.15037888131107716,0.23506791451453968,0.011193165592513602,0.80536490770585,0.7754766104319856,0.8336130727432775,-0.02889168779916995,-0.07586944489099015,0.007485440902974407
TSTR: all synthetic,lgbm,289207,0.2598815914288791,0.21284325095299442,0.33138508960975327,0.00555212953356406,0.866006366939567,0.8447658892205464,0.8877816146346952,0.048262079888698184,-0.0007388278764156174,0.10358891215054176
real + all synthetic (w=1.0),lgbm,300000,0.2582618436668559,0.21376828169871606,0.32744349466857475,0.0057454549774095965,0.8655728591000246,0.843942968899949,0.8871560065654928,0.04664233212667496,0.0008086188339961162,0.09845323985005046
real + all synthetic (w=0.3),lgbm,300000,0.2661940135139606,0.21817695842508236,0.34127868030683167,0.010353622569919473,0.8678297472417651,0.8464765905766647,0.8893194919685227,0.054574501973779665,0.01008869948965793,0.10674747861752941
real + all synthetic (w=0.1),lgbm,300000,0.2648428415899883,0.21865553486678213,0.34078552052243616,0.00393977832154068,0.8652651016261508,0.8442207779314728,0.8871794192980481,0.05322333004980734,0.008791356653978821,0.10342560494412852
real + filtered synthetic,lgbm,280803,0.255769099596008,0.2114027293309233,0.3259333713525682,0.009731853754546646,0.8636601298537987,0.8420235384829211,0.8862163535041332,0.04414958805582708,0.0005575451122563854,0.09400266622722368
LogReg TRTR: real only,logreg,10793,0.1330443674674735,0.11775419645637687,0.158906865199752,0.0,0.7877764026129602,0.7618856432793047,0.8115534803068309,-0.07857514407270744,-0.13642089294647386,-0.04137688236319703
LogReg TSTR: all synthetic,logreg,289207,0.1674388163112554,0.14350232364381116,0.20843826375156377,0.0,0.808975266888605,0.7788334833513133,0.837314352749631,-0.04418069522892554,-0.10259972532927925,-0.0003547934625141619
LogReg real + all synthetic,logreg,300000,0.1672371697299675,0.1441438841589902,0.20901581989696266,0.0,0.8093227350042689,0.7791901345528912,0.8372515602973003,-0.044382341810213444,-0.1025883766107883,-0.00036173175382095147
