feature,levels,chi2,dof,p_value,cramers_v,iv,iv_strength,iv_syn,cramers_v_syn
PolicyType,9,291.9849967390084,8,2.0895770604039058e-58,0.1644785162756044,0.7846805356840704,suspicious,0.7856949883278829,0.16340201186649853
BasePolicy,3,280.8474953914176,2,1.0345256132175698e-61,0.16131107635585237,0.7752963419046349,suspicious,0.7723595482645722,0.1610498284646345
VehicleCategory,3,213.85691721851404,2,3.643849804941733e-47,0.1407636639252993,0.5164100455730517,suspicious,0.5199382201589032,0.14071821019872208
Fault,2,178.68091528879964,1,9.40666670641151e-41,0.1286672431280188,0.5026910708032248,suspicious,0.4618916703952102,0.12500842776906673
AddressChange_Claim,5,120.47158775624386,4,4.23577085905634e-25,0.10565042016498594,0.09859399016682471,weak,0.05669653565774402,0.077380738479391
Deductible,4,92.84805008364958,3,5.3546699113649067e-20,0.09275029619887037,0.08342494802645194,weak,0.05173625578089458,0.07080099973733375
Make,18,45.871617611053914,17,0.00018039880845915448,0.06519299588745554,0.06664974809701221,weak,0.008512426341420666,0.022303075031327155
MonthClaimed,12,37.19737750121833,11,0.00010677693296167552,0.05870634907077048,0.06620985436363525,weak,0.016545662623283497,0.030111922863243535
Month,12,37.297485840861185,11,0.0001027243634155646,0.05878529343038912,0.06388399765903215,weak,0.023005232325175845,0.03544333393377071
VehiclePrice,6,34.977240547241195,5,1.5204689852810482e-06,0.056927443818017946,0.05225554658874632,weak,0.0365545900645166,0.047441242253385155
PastNumberOfClaims,4,27.94353210477692,3,3.7325196910650845e-06,0.050882631286731234,0.048902112152299594,weak,0.060582871054743,0.056804270674373054
price_extreme,2,31.429314322899724,1,2.0683444807195052e-08,0.05396303466148606,0.04640656882537327,weak,0.03394579410708661,0.04598335569558482
AgeOfPolicyHolder,9,22.53836914881508,8,0.004010347960553182,0.04569725944601096,0.03341550092689485,weak,0.022214389636618977,0.03777303774875227
age_band,9,22.53378516952261,8,0.004017329632666162,0.04569261212788012,0.03322212308725996,weak,0.019491878842008703,0.03594235776684838
RepNumber,16,16.118047643688975,15,0.3742498189060404,0.038644271893511606,0.02649892426020198,weak,0.0007058275628935343,0.006311763446298894
AgeOfVehicle,8,15.176427310354923,7,0.033803204299801035,0.03749848177581396,0.023359640613451468,weak,0.009921423913947028,0.0248885869221167
Sex,2,10.252494312837715,1,0.001364999110045543,0.03082078386934574,0.018677081231079647,useless,0.01431367038519387,0.02690294177956192
NumberOfSuppliments,4,10.598821775433072,3,0.014105300442361773,0.03133702081958689,0.017903366512340164,useless,0.007500138418390341,0.020409286346141097
Days_Policy_Accident,5,14.229645765750986,4,0.0065970644576289345,0.036309975501584844,0.01747836974046438,useless,0.002918980577931309,0.014024779513220103
DayOfWeekClaimed,7,8.890525162576395,6,0.17982911516322186,0.028700708594448336,0.014225807184888023,useless,0.0006962162796930366,0.006287462793690914
DayOfWeek,7,7.654139513395203,6,0.2645524375801146,0.026630363739510894,0.012416173112261104,useless,0.0005726935143673779,0.005690279737650191
AgentType,2,5.408329233287049,1,0.020040888369962744,0.0223851738826198,0.012324623273814816,useless,0.004629605950807271,0.014223397983408655
claim_lag_bucket,3,7.543508738041689,2,0.023011656915734698,0.026437209363281398,0.012211335742679382,useless,0.0009221621806350561,0.007250048305759042
Year,3,7.054646119588837,2,0.029383468467945185,0.02556622037303863,0.011836092155871652,useless,0.005967825930883297,0.018185651340444454
AccidentArea,2,7.765041821491501,1,0.005326706338645136,0.026822596166408395,0.011750828828384276,useless,0.0032990094677552264,0.014043891004057169
early_policy_incident,2,11.036803636875288,1,0.0008932073202734429,0.03197794633609116,0.011664784497565514,useless,0.0009755678520751167,0.008167538209004626
age_missing,2,8.007667378472021,1,0.004657969932690228,0.027238420746467786,0.010899554506721795,useless,0.0060474728919644415,0.020568827943784854
Days_Policy_Claim,3,6.394659260518695,2,0.04087119959896641,0.024340955113776732,0.009057962148975213,useless,0.0011863750125958765,0.008950521044252441
accident_weekend,2,4.384519398657565,1,0.03626671518371122,0.02015532982516336,0.00704492875702945,useless,0.0001920045928988187,0.003291530182456366
WeekOfMonth,5,3.4903115573557306,4,0.4793530218828622,0.01798295299655746,0.005628540949729871,useless,0.0021225393819082707,0.010936888672255686
claim_weekend,2,3.226526219925543,1,0.07245422798255699,0.01729006041602524,0.004891378837741449,useless,0.0001444929553193397,0.002861229906490451
PoliceReportFiled,2,2.6243676069622315,1,0.10523442459242968,0.015593415304188656,0.0045370864517370515,useless,0.0027732424233809197,0.011666547794504182
NumberOfCars,5,1.4557309716481073,4,0.834453163797075,0.011613669758988053,0.0033540793354997754,useless,0.0015406495683885323,0.009840991948452843
WeekOfMonthClaimed,5,1.9185482633318567,4,0.7507368650794388,0.013332613082397459,0.003182854618675852,useless,0.0004216049718416461,0.004864653890809214
DriverRating,4,1.460253824626077,3,0.6914736316270655,0.011631697191865105,0.0023835991104002707,useless,0.002136531135057874,0.011057964153620372
MaritalStatus,4,1.051161106020068,3,0.7888750997198604,0.009868781943017475,0.0017962516129476872,useless,0.0018030808243270763,0.009958277610004881
WitnessPresent,2,0.6245922169377457,1,0.42934589086175257,0.007607241358813278,0.000560200448512313,useless,0.0018147582657854656,0.008847499731664684
