column,origin,value,n,fraud,rate,lo,hi,lift
Month,real_train,Jan,964,57,0.05912863070539419,0.04591611753658409,0.07584086832790124,0.9878874786429094
Month,real_train,Feb,875,59,0.06742857142857143,0.05263298465187989,0.08600573977082952,1.1265581601061478
Month,real_train,Mar,965,82,0.0849740932642487,0.06898445897100362,0.10425488508534624,1.4196987439644524
Month,real_train,Apr,907,60,0.06615214994487321,0.05173728428371503,0.08422650790141127,1.105232437082069
Month,real_train,May,961,71,0.07388137356919876,0.05898576958124298,0.09217010943638669,1.2343679023720777
Month,real_train,Jun,948,54,0.056962025316455694,0.043917970076484236,0.07358212175526124,0.9516890700317435
Month,real_train,Jul,874,36,0.041189931350114416,0.029899012843902277,0.05649638128863358,0.6881779087643729
Month,real_train,Aug,783,57,0.07279693486590039,0.05661017077130988,0.09315501699257982,1.216249718278116
Month,real_train,Sep,891,49,0.05499438832772166,0.04184649085645468,0.07196300893461482,0.9188149121069658
Month,real_train,Oct,891,51,0.05723905723905724,0.0438012993904283,0.07447826597546557,0.9563175615807196
Month,real_train,Nov,819,27,0.03296703296703297,0.02275434267419532,0.04754043671574108,0.5507944068315586
Month,real_train,Dec,915,43,0.046994535519125684,0.035074437956379705,0.06270245049182221,0.785157928572637
Month,synthetic,Jan,26086,1464,0.056122057808786326,0.05339386731148569,0.05898096116143591,0.937659848221009
Month,synthetic,Feb,23176,1497,0.06459268208491543,0.061499664150811435,0.06783001500796976,1.0791828889504411
Month,synthetic,Mar,25507,1835,0.07194103579409573,0.06883408968245691,0.07517689736204991,1.2019555828366866
Month,synthetic,Apr,24115,1558,0.06460709102218536,0.061573196281929574,0.0677796776588588,1.0794236264155495
Month,synthetic,May,25546,1809,0.0708134345885853,0.06773199289500798,0.07402393403150959,1.1831161742958398
Month,synthetic,Jun,25317,1542,0.06090769048465458,0.05802777995630905,0.06392083157946687,1.0176158545346907
Month,synthetic,Jul,23556,1146,0.04865002547121752,0.04597553850515308,0.05147169868587402,0.8128207924006011
Month,synthetic,Aug,21100,1455,0.06895734597156399,0.06561635330006024,0.07245526103169009,1.15210555496234
Month,synthetic,Sep,23776,1354,0.05694818304172274,0.05407343759133573,0.05996607202931342,0.9514623439022246
Month,synthetic,Oct,24110,1363,0.05653255910410618,0.05368742284486694,0.05951898864632808,0.9445183027626363
Month,synthetic,Nov,22175,961,0.04333709131905299,0.04073530867566355,0.046097065431721235,0.7240548913408063
Month,synthetic,Dec,24743,1326,0.053590914602109685,0.05085344846970053,0.05646697313804582,0.8953707475062007
Month,real_validation,Jan,228,14,0.06140350877192982,0.03692559762857626,0.10041592438677763,1.021772056039379
Month,real_validation,Feb,165,12,0.07272727272727272,0.04208959007591575,0.12280746195833095,1.2102027468933942
Month,real_validation,Mar,191,11,0.05759162303664921,0.032459174904387586,0.10016895761475524,0.9583411804587743
Month,real_validation,Apr,195,16,0.08205128205128205,0.05113473050364543,0.12911670716567017,1.3653569452130603
Month,real_validation,May,208,11,0.052884615384615384,0.029783280856320114,0.09220161749432207,0.8800152185943553
Month,real_validation,Jun,196,12,0.061224489795918366,0.03536638961149956,0.10395134247969086,1.0187931287622962
Month,real_validation,Jul,189,10,0.05291005291005291,0.028990353541727513,0.09464207989086826,0.8804385063377869
Month,real_validation,Aug,162,15,0.09259259259259259,0.05691602611215609,0.14714307383391417,1.540767386091127
Month,real_validation,Sep,177,10,0.05649717514124294,0.03097428908523281,0.10086195563524988,0.9401292525301792
Month,real_validation,Oct,208,9,0.04326923076923077,0.022928471674678104,0.08017438147920372,0.7200124515771997
Month,real_validation,Nov,201,11,0.05472636815920398,0.030829803737275736,0.09532365645319371,0.9106625147643079
Month,real_validation,Dec,193,8,0.04145077720207254,0.021150953290406463,0.0796482327122131,0.6897528609236963
WeekOfMonth,real_train,1,2205,130,0.05895691609977324,0.04987118493640754,0.06957670833229257,0.9850185688310412
WeekOfMonth,real_train,2,2503,164,0.06552137435077907,0.05647794524553344,0.07589638487137947,1.0946937977832174
WeekOfMonth,real_train,3,2586,161,0.06225831399845321,0.0535792243473113,0.07223599021376412,1.040176444249699
WeekOfMonth,real_train,4,2376,131,0.055134680134680134,0.04665464871559156,0.06505088437165416,0.9211588276990753
WeekOfMonth,real_train,5,1123,60,0.053428317008014245,0.04173230458366458,0.06816909978097556,0.8926498846246095
WeekOfMonth,synthetic,1,59457,3689,0.062044839127436635,0.06013393286328676,0.06401233344767607,1.0366147769802754
WeekOfMonth,synthetic,2,66901,4225,0.06315301714473626,0.06133482117113149,0.06502137778980552,1.055129672407726
WeekOfMonth,synthetic,3,69421,4089,0.058901485141383735,0.05717437882002227,0.06067740574147003,0.9840971584797322
WeekOfMonth,synthetic,4,63514,3611,0.05685360707875429,0.05507939472878984,0.05868142101784232,0.9498822150447886
WeekOfMonth,synthetic,5,29914,1696,0.056695861469546034,0.05413166162389816,0.05937390205437639,0.9472466786841709
WeekOfMonth,real_validation,1,500,27,0.054,0.03737435018105752,0.07742656151064709,0.8985755395683452
WeekOfMonth,real_validation,2,529,36,0.06805293005671077,0.049558461106937554,0.09277554381180401,1.132420339720662
WeekOfMonth,real_validation,3,537,29,0.054003724394785846,0.037861028820703066,0.07648201536000664,0.89863751456935
WeekOfMonth,real_validation,4,502,29,0.05776892430278884,0.04052043226028504,0.08173419464370524,0.9612915245492848
WeekOfMonth,real_validation,5,245,18,0.07346938775510205,0.0469751586685129,0.11313264253756505,1.2225517545147557
DayOfWeek,real_train,Monday,1829,116,0.0634226353198469,0.05314237616208049,0.07553294252720848,1.0596292616209098
DayOfWeek,real_train,Tuesday,1615,83,0.051393188854489166,0.04164938895098918,0.0632660478851921,0.8586481227654823
DayOfWeek,real_train,Wednesday,1532,83,0.054177545691906005,0.043916736828869776,0.06666854386221666,0.9051675706698785
DayOfWeek,real_train,Thursday,1518,84,0.05533596837944664,0.044916710220760346,0.06800008398581724,0.9245218370268848
DayOfWeek,real_train,Friday,1694,102,0.0602125147579693,0.04984880757431551,0.07256630824283444,1.005996395948549
DayOfWeek,real_train,Saturday,1375,90,0.06545454545454546,0.05355465100231434,0.07977573128683692,1.0935772586546582
DayOfWeek,real_train,Sunday,1230,88,0.07154471544715447,0.05843598465552653,0.08732136328817657,1.1953283495683256
DayOfWeek,synthetic,Monday,49257,2870,0.05826583023732668,0.05623142984590291,0.06036912525468798,0.9734769477438784
DayOfWeek,synthetic,Tuesday,43183,2530,0.05858787022670958,0.056411824565595396,0.06084244288642799,0.9788574341222414
DayOfWeek,synthetic,Wednesday,41403,2445,0.05905369176146656,0.056823749806077385,0.061365450007379606,0.986640152123539
DayOfWeek,synthetic,Thursday,41567,2533,0.06093776312940554,0.05867842117172951,0.06327825040160841,1.0181182935508948
DayOfWeek,synthetic,Friday,45230,2732,0.06040238779571081,0.05824399943837488,0.06263544131835205,1.0091735047506722
DayOfWeek,synthetic,Saturday,36314,2181,0.060059481191826844,0.05766197812059015,0.06255005220535699,1.0034443891995763
DayOfWeek,synthetic,Sunday,32253,2019,0.06259882801599852,0.06000688230244887,0.06529495371210749,1.0458705519366194
DayOfWeek,real_validation,Monday,400,20,0.05,0.03259742983714726,0.07596363506371961,0.8320143884892086
DayOfWeek,real_validation,Tuesday,334,17,0.05089820359281437,0.0320180363543395,0.07999148122466815,0.8469607547494937
DayOfWeek,real_validation,Wednesday,336,20,0.05952380952380952,0.03885951527930616,0.09014610685058703,0.9904933196300102
DayOfWeek,real_validation,Thursday,339,20,0.058997050147492625,0.03851270711958664,0.08936406417726862,0.981727892022665
DayOfWeek,real_validation,Friday,368,31,0.08423913043478261,0.059979026376426534,0.11708960666280531,1.4017633719111666
DayOfWeek,real_validation,Saturday,289,14,0.04844290657439446,0.029072667740202212,0.07966008802779355,0.8061039058026934
DayOfWeek,real_validation,Sunday,247,17,0.06882591093117409,0.043412207084727525,0.10744586477708483,1.145282963912271
MonthClaimed,real_train,Jan,1000,60,0.06,0.04689647267593196,0.07647107479135655,1.0024458204334366
MonthClaimed,real_train,Feb,894,53,0.0592841163310962,0.04560798747699083,0.07673149433416299,0.9904852439032836
MonthClaimed,real_train,Mar,962,74,0.07692307692307693,0.0617166012398493,0.09549497570580663,1.2851869492736367
MonthClaimed,real_train,Apr,890,66,0.07415730337078652,0.058712590658160035,0.09326230095172233,1.238977980310989
MonthClaimed,real_train,May,997,73,0.0732196589769308,0.05863615118929125,0.09107932822065895,1.2233123519164304
MonthClaimed,real_train,Jun,912,54,0.05921052631578947,0.04566235027101509,0.0764564485052595,0.989255743848786
MonthClaimed,real_train,Jul,864,40,0.046296296296296294,0.034181061121233425,0.06242812707614297,0.7734921453961702
MonthClaimed,real_train,Aug,779,62,0.07958921694480103,0.06258069760678635,0.10072370762141909,1.329731297964764
MonthClaimed,real_train,Sep,899,50,0.05561735261401557,0.042439715608869416,0.0725765564133896,0.9292230445248763
MonthClaimed,real_train,Oct,914,52,0.05689277899343545,0.04364743158172093,0.07384721608788453,0.9505321419135431
MonthClaimed,real_train,Nov,886,27,0.030474040632054177,0.021026831279523255,0.04397515109310226,0.5091429110553571
MonthClaimed,real_train,Dec,796,35,0.04396984924623116,0.03178338077842348,0.06053673842315903,0.734623193366212
MonthClaimed,synthetic,Jan,26509,1530,0.057716247312233585,0.05497248596626625,0.06058817408518098,0.9642947854667324
MonthClaimed,synthetic,Feb,24051,1452,0.060371710116003494,0.05743127061694971,0.0634525632590127,1.0086609571068181
MonthClaimed,synthetic,Mar,25434,1747,0.06868758354957931,0.06564393662960405,0.07186149851052262,1.1475984965697967
MonthClaimed,synthetic,Apr,23692,1570,0.06626709437784906,0.06316945180158084,0.06950536644803273,1.1071581492625413
MonthClaimed,synthetic,May,26583,1852,0.06966858518602115,0.06666991515619076,0.07279160999577673,1.163988591328343
MonthClaimed,synthetic,Jun,24365,1546,0.06345167248101785,0.06045904013169864,0.0665819381623312,1.0601194594579855
MonthClaimed,synthetic,Jul,23258,1203,0.05172413793103448,0.048951169956874804,0.05464516239225237,0.8641815574015418
MonthClaimed,synthetic,Aug,21216,1398,0.06589366515837104,0.06263324501616745,0.06931125910532081,1.1009190768028314
MonthClaimed,synthetic,Sep,24088,1437,0.059656260378611756,0.05673486968997631,0.0627180772231803,0.9967075733863182
MonthClaimed,synthetic,Oct,24773,1382,0.05578654179953982,0.052996829290041896,0.0587139980735213,0.9320542111045356
MonthClaimed,synthetic,Nov,23483,1089,0.046373972661073966,0.04375770282489274,0.04913863075176552,0.7747936170647728
MonthClaimed,synthetic,Dec,21755,1104,0.05074695472305217,0.04790893092564077,0.053743607101564166,0.8478552590750865
MonthClaimed,real_validation,Jan,227,15,0.06607929515418502,0.040450381770308824,0.1061500555756553,1.0995784869901435
MonthClaimed,real_validation,Feb,178,12,0.06741573033707865,0.038981899642159416,0.11412652239347415,1.1218171530191576
MonthClaimed,real_validation,Mar,179,11,0.061452513966480445,0.03465718909747408,0.1066754112184963,1.0225875165789156
MonthClaimed,real_validation,Apr,194,10,0.05154639175257732,0.028236780000983702,0.09227112043004727,0.8577467922569161
MonthClaimed,real_validation,May,212,15,0.07075471698113207,0.043343895343653446,0.11344460583492329,1.1773788516356725
MonthClaimed,real_validation,Jun,196,12,0.061224489795918366,0.03536638961149956,0.10395134247969086,1.0187931287622962
MonthClaimed,real_validation,Jul,191,9,0.04712041884816754,0.024985392023622433,0.08711322883916872,0.7840973294662699
MonthClaimed,real_validation,Aug,156,13,0.08333333333333333,0.049345650854239156,0.13734845867693996,1.3866906474820142
MonthClaimed,real_validation,Sep,178,13,0.07303370786516854,0.04317502531026729,0.12093198864698143,1.215301915770754
MonthClaimed,real_validation,Oct,212,10,0.04716981132075472,0.025820566338564593,0.08463763270696692,0.7849192344237818
MonthClaimed,real_validation,Nov,206,10,0.04854368932038835,0.0265786720580474,0.08703785994036115,0.8077809596982608
MonthClaimed,real_validation,Dec,184,9,0.04891304347826087,0.02594375233676771,0.0903322761705657,0.8139271191742259
WeekOfMonthClaimed,real_train,1,2389,148,0.06195060694851402,0.05296940296365719,0.07233829668162992,1.0350354501475416
WeekOfMonthClaimed,real_train,2,2597,142,0.05467847516365037,0.04657395716359932,0.0640984784223863,0.9135368149245796
WeekOfMonthClaimed,real_train,3,2508,157,0.06259968102073366,0.05377174180675974,0.07276548756516098,1.0458798099950128
WeekOfMonthClaimed,real_train,4,2432,149,0.06126644736842105,0.05240954534490206,0.07150716431108262,1.0236049016213133
WeekOfMonthClaimed,real_train,5,867,50,0.05767012687427912,0.044015857402545794,0.07522681044346799,0.9635196274831186
WeekOfMonthClaimed,synthetic,1,64182,3812,0.05939359945155963,0.05759124846007237,0.06124869015340584,0.9923191632921551
WeekOfMonthClaimed,synthetic,2,69659,4057,0.05824085904190413,0.056525921587891444,0.06000451686141207,0.9730597412439034
WeekOfMonthClaimed,synthetic,3,67444,4137,0.06133977818634719,0.05955371078689585,0.06317581294255681,1.0248349641790244
WeekOfMonthClaimed,synthetic,4,65099,3908,0.06003164411127667,0.05823270600970846,0.061882503765996265,1.002979300894858
WeekOfMonthClaimed,synthetic,5,22823,1396,0.06116636726109626,0.05813066141012069,0.06434977303212808,1.021937699392251
WeekOfMonthClaimed,real_validation,1,527,30,0.056925996204933584,0.040162905014313015,0.0801017385244997,0.9472649584317365
WeekOfMonthClaimed,real_validation,2,563,37,0.06571936056838366,0.048052534473616126,0.08927238700026868,1.0935890719041108
WeekOfMonthClaimed,real_validation,3,546,31,0.056776556776556776,0.04028395418271757,0.07946230678842053,0.9447782433393944
WeekOfMonthClaimed,real_validation,4,501,36,0.0718562874251497,0.05235240847795536,0.09787586120072594,1.1957093008228148
WeekOfMonthClaimed,real_validation,5,176,5,0.028409090909090908,0.012194421568362587,0.06477036125457016,0.47273544800523215
DayOfWeekClaimed,real_train,Monday,2598,140,0.05388760585065435,0.04584521901033055,0.06324730769164136,0.9003234209692142
DayOfWeekClaimed,real_train,Tuesday,2380,140,0.058823529411764705,0.050062346178916965,0.06900658676980054,0.9827900200327809
DayOfWeekClaimed,real_train,Wednesday,2065,139,0.06731234866828087,0.057288997156788306,0.078942543263594,1.124616376434606
DayOfWeekClaimed,real_train,Thursday,1848,101,0.054653679653679656,0.04518372241112546,0.06597128918029872,0.9131225456689853
DayOfWeekClaimed,real_train,Friday,1767,113,0.06395019807583475,0.05346154545385529,0.07633068279776861,1.0684434796168492
DayOfWeekClaimed,real_train,Saturday,94,10,0.10638297872340426,0.058818890242999675,0.1848555102418334,1.7773862064422634
DayOfWeekClaimed,real_train,Sunday,41,3,0.07317073170731707,0.02519783063390993,0.19427448537719041,1.2224949029676055
DayOfWeekClaimed,synthetic,Monday,69931,4082,0.05837182365474539,0.056658341221575245,0.06013382257606652,0.97524783383697
DayOfWeekClaimed,synthetic,Tuesday,63263,3810,0.06022477593538087,0.058397500024838664,0.062105456706183254,1.0062060527985959
DayOfWeekClaimed,synthetic,Wednesday,54887,3293,0.05999599176489879,0.05803988359126651,0.06201368606961065,1.0023836389573126
DayOfWeekClaimed,synthetic,Thursday,49923,2933,0.058750475732628246,0.056721432355810265,0.060847420135331155,0.9815741672562805
DayOfWeekClaimed,synthetic,Friday,47559,2952,0.06207027061124078,0.05993694316078047,0.0642743376966853,1.0370396737530394
DayOfWeekClaimed,synthetic,Saturday,2513,172,0.0684440907282133,0.059215911160990606,0.0789896391336556,1.1435303377951693
DayOfWeekClaimed,synthetic,Sunday,1131,68,0.060123784261715295,0.04770231724454127,0.07552322913795936,1.0045187333898264
DayOfWeekClaimed,real_validation,Monday,555,34,0.06126126126126126,0.044167291638239375,0.08438698379490214,1.0194050165273187
DayOfWeekClaimed,real_validation,Tuesday,479,32,0.06680584551148225,0.04771625194031538,0.09278837453975546,1.111668494014809
DayOfWeekClaimed,real_validation,Wednesday,431,23,0.05336426914153132,0.035819476153039,0.07880036473303008,0.8879967951392945
DayOfWeekClaimed,real_validation,Thursday,426,25,0.05868544600938967,0.040063011680817405,0.08519586625155479,0.9765427094943763
DayOfWeekClaimed,real_validation,Friday,399,25,0.06265664160401002,0.042797040226791205,0.09085717445685462,1.0426245469789581
DayOfWeekClaimed,real_validation,Saturday,17,0,0.0,0.0,0.1843181350088518,0.0
DayOfWeekClaimed,real_validation,Sunday,6,0,0.0,2.7755575615628914e-17,0.3903342879021653,0.0
claim_lag_bucket,real_train,same month,8007,450,0.05620082427875609,0.05136579003804975,0.06146149077468924,0.9389713567192175
claim_lag_bucket,real_train,1 month,2234,155,0.0693822739480752,0.05956761105780736,0.08067532598478522,1.1591995088569282
claim_lag_bucket,real_train,2+ months,552,41,0.07427536231884058,0.0552209478263174,0.09921420172661521,1.2409504419616817
claim_lag_bucket,synthetic,same month,214882,12650,0.0588695190848931,0.05788216468166474,0.05987264544001446,0.9835630852677457
claim_lag_bucket,synthetic,1 month,59743,3769,0.06308688884053362,0.06116533823663896,0.06506462262277747,1.054024833096719
claim_lag_bucket,synthetic,2+ months,14582,891,0.06110272939240159,0.057329539015653096,0.06510710366022886,1.020874469057671
claim_lag_bucket,real_validation,same month,1727,88,0.050955414012738856,0.041544248529688674,0.062359813800334785,0.8479127526004674
claim_lag_bucket,real_validation,1 month,484,38,0.07851239669421488,0.05773334670635839,0.1059293707135643,1.306468874487187
claim_lag_bucket,real_validation,2+ months,102,13,0.12745098039215685,0.07601833536259127,0.20592655800144005,2.12082099026661
Year,real_train,1994,4294,283,0.06590591523055427,0.058865882790607914,0.07372194397791505,1.1011184877451583
Year,real_train,1995,3639,218,0.05990656773838967,0.05265031018871379,0.06809100227100688,1.0008848074310213
Year,real_train,1996,2860,145,0.050699300699300696,0.043244579919044505,0.05935937461051089,0.8470550347485332
Year,synthetic,1994,115004,7399,0.06433689262982158,0.06293337662408896,0.0657695124230078,1.0749092840434897
Year,synthetic,1995,97720,5817,0.059527220630372496,0.05806096436140121,0.06102810627981686,0.9945516404880496
Year,synthetic,1996,76483,4094,0.05352823503262163,0.0519553564725292,0.05514596059821233,0.8943235279653035
Year,real_validation,1994,928,66,0.07112068965517242,0.056291590311745056,0.08948584589785474,1.1834687422475814
Year,real_validation,1995,798,42,0.05263157894736842,0.03917131167751882,0.0703783478647636,0.8758046194623248
Year,real_validation,1996,587,31,0.05281090289608177,0.037451481479486515,0.07398528017246687,0.878788621572929
BasePolicy,real_train,All Perils,3125,321,0.10272,0.0925588850648107,0.11385664199871816,1.7161872445820434
BasePolicy,real_train,Collision,4197,299,0.07124136287824637,0.06384503680231478,0.07942184549265517,1.1902601076546642
BasePolicy,real_train,Liability,3471,26,0.00749063670411985,0.005116998895642012,0.010953218834419784,0.12514929094050395
BasePolicy,synthetic,All Perils,83673,8606,0.10285277210091666,0.10081273440713649,0.10492927447704216,1.7184137296932296
BasePolicy,synthetic,Collision,112437,7988,0.07104422921280361,0.06955723440824488,0.07256053393550241,1.1869721778132463
BasePolicy,synthetic,Liability,93097,716,0.007690903036617722,0.007149693011738305,0.008272739657205715,0.12849584023749863
BasePolicy,real_validation,All Perils,677,66,0.09748892171344166,0.07736382554681995,0.12215613179536244,1.6222437116776298
BasePolicy,real_validation,Collision,891,68,0.07631874298540965,0.06064664543880441,0.09562847731309657,1.269965845505414
BasePolicy,real_validation,Liability,745,5,0.006711409395973154,0.002870020158728271,0.015613810641041035,0.11167978368982666
PolicyType,real_train,Sedan - All Perils,2867,292,0.10184862225322637,0.09130498254982551,0.11345779075294406,1.7016287615775112
PolicyType,real_train,Sedan - Collision,3929,270,0.0687197760244337,0.061223472431164105,0.07705859780102142,1.148130870946924
PolicyType,real_train,Sedan - Liability,3458,26,0.007518796992481203,0.005136254449582117,0.010994310593600707,0.12561977699667123
PolicyType,real_train,Sport - All Perils,15,0,0.0,0.0,0.20388330103584862,0.0
PolicyType,real_train,Sport - Collision,246,27,0.10975609756097561,0.07653456464444089,0.15497808779410296,1.8337423544514082
PolicyType,real_train,Sport - Liability,1,0,0.0,0.0,0.7934506856227626,0.0
PolicyType,real_train,Utility - All Perils,243,29,0.11934156378600823,0.08439141582973017,0.1661396704640671,1.9938908636879054
PolicyType,real_train,Utility - Collision,22,2,0.09090909090909091,0.025295428990995267,0.27814946841605814,1.5188573036870252
PolicyType,real_train,Utility - Liability,12,0,0.0,2.7755575615628914e-17,0.24249400665524085,0.0
PolicyType,synthetic,Sedan - All Perils,76873,7835,0.10192135079937038,0.09980249801421573,0.10407998676784222,1.7028519988811963
PolicyType,synthetic,Sedan - Collision,105378,7259,0.06888534608741863,0.06737190066850321,0.07043022214309419,1.1509026161700797
PolicyType,synthetic,Sedan - Liability,92788,701,0.007554856231409234,0.007017736080930122,0.008132749529861217,0.12622283686407684
PolicyType,synthetic,Sport - All Perils,378,16,0.042328042328042326,0.02621982301845742,0.0676449420371481,0.7071961951222494
PolicyType,synthetic,Sport - Collision,6533,699,0.10699525485994184,0.09972934845769475,0.1147230698320398,1.7876243022691622
PolicyType,synthetic,Sport - Liability,26,2,0.07692307692307693,0.0213550884722762,0.2414155377162906,1.2851930853663955
PolicyType,synthetic,Utility - All Perils,6422,755,0.1175646216132046,0.10991470582746299,0.12567178794490635,1.9642121041530942
PolicyType,synthetic,Utility - Collision,526,30,0.057034220532319393,0.04023981707546333,0.08025180878331829,0.9528998161461868
PolicyType,synthetic,Utility - Liability,283,13,0.045936395759717315,0.02703913173437234,0.07699554631873348,0.7674827965615577
PolicyType,real_validation,Sedan - All Perils,612,57,0.09313725490196079,0.07258192719170767,0.1187683905448648,1.549830723656369
PolicyType,real_validation,Sedan - Collision,842,57,0.06769596199524941,0.052615579911211685,0.08670303304137802,1.126480288453323
PolicyType,real_validation,Sedan - Liability,742,5,0.006738544474393531,0.00288163747402649,0.015676540885460114,0.11213131920339739
PolicyType,real_validation,Sport - All Perils,5,0,0.0,0.0,0.43448246478317476,0.0
PolicyType,real_validation,Sport - Collision,46,11,0.2391304347826087,0.13912177777277826,0.3793513855762203,3.979199249296215
PolicyType,real_validation,Utility - All Perils,60,9,0.15,0.08097440580167739,0.2611458906977855,2.4960431654676256
PolicyType,real_validation,Utility - Collision,3,0,0.0,5.551115123125783e-17,0.5614970317550454,0.0
PolicyType,real_validation,Utility - Liability,3,0,0.0,5.551115123125783e-17,0.5614970317550454,0.0
Deductible,real_train,300,7,1,0.14285714285714285,0.02567962434474355,0.5131278292743189,2.3867757629367534
Deductible,real_train,400,10393,590,0.05676897912056192,0.052481760652287796,0.061383730469183675,0.9484637641613387
Deductible,real_train,500,187,42,0.22459893048128343,0.17067576320242517,0.28960922604210754,3.752470985579709
Deductible,real_train,700,206,13,0.06310679611650485,0.0372473359978513,0.10496221109738277,1.0543524001322553
Deductible,synthetic,300,173,35,0.2023121387283237,0.14921819051029772,0.26833920419296936,3.3801321031312717
Deductible,synthetic,400,278608,16013,0.05747501866421639,0.05661685871881851,0.05834538154746523,0.9602644553912206
Deductible,synthetic,500,4860,900,0.18518518518518517,0.17451430488812472,0.1963533465542108,3.093983353659841
Deductible,synthetic,700,5566,362,0.06503772906934963,0.058854779841948146,0.07182065575201227,1.086618515942195
Deductible,real_validation,300,1,1,1.0,0.20654931437723745,1.0,16.640287769784173
Deductible,real_validation,400,2234,133,0.05953446732318711,0.05045777343303699,0.07012335967497871,0.9906706684786459
Deductible,real_validation,500,28,2,0.07142857142857142,0.019812064115305755,0.22645362568399052,1.1885919835560121
Deductible,real_validation,700,50,3,0.06,0.02061497034897397,0.16217091688838173,0.9984172661870503
Days_Policy_Accident,real_train,none,30,6,0.2,0.0950510717728987,0.3730569641314825,3.3414860681114553
Days_Policy_Accident,real_train,1 to 7,7,1,0.14285714285714285,0.02567962434474355,0.5131278292743189,2.3867757629367534
Days_Policy_Accident,real_train,8 to 15,41,5,0.12195121951219512,0.053233364685777176,0.25544211520976884,2.037491504946009
Days_Policy_Accident,real_train,15 to 30,35,2,0.05714285714285714,0.015813161857108654,0.1860705742016492,0.9547103051747015
Days_Policy_Accident,real_train,more than 30,10680,632,0.05917602996254682,0.054857565395067996,0.06381149794768226,0.9886793984299811
Days_Policy_Accident,synthetic,none,721,68,0.09431345353675451,0.07507851790653451,0.11784844166365073,1.5757429784520023
Days_Policy_Accident,synthetic,1 to 7,178,17,0.09550561797752809,0.06048563539350799,0.14761574625020132,1.595661077898727
Days_Policy_Accident,synthetic,8 to 15,992,93,0.09375,0.0771459047802144,0.11348831429067084,1.5663290727902945
Days_Policy_Accident,synthetic,15 to 30,899,83,0.09232480533926585,0.07509708335361581,0.11302172439646663,1.5425176185876983
Days_Policy_Accident,synthetic,more than 30,286417,17049,0.059525098021416326,0.058664483748788895,0.060397527538974136,0.9945161769774552
Days_Policy_Accident,real_validation,none,15,2,0.13333333333333333,0.03736125910306537,0.37881982832322364,2.218705035971223
Days_Policy_Accident,real_validation,1 to 7,5,0,0.0,0.0,0.43448246478317476,0.0
Days_Policy_Accident,real_validation,8 to 15,2,0,0.0,0.0,0.6576197724933469,0.0
Days_Policy_Accident,real_validation,15 to 30,10,1,0.1,0.017876213095072896,0.4041500267952385,1.6640287769784172
Days_Policy_Accident,real_validation,more than 30,2281,136,0.05962297238053485,0.050626104421845106,0.0701006347380211,0.9921434181019936
Days_Policy_Claim,real_train,8 to 15,15,2,0.13333333333333333,0.03736125910306537,0.37881982832322364,2.22765737874097
Days_Policy_Claim,real_train,15 to 30,33,5,0.15151515151515152,0.06650457281607568,0.3091987588044212,2.5314288394783753
Days_Policy_Claim,real_train,more than 30,10745,639,0.059469520707305726,0.055153226539327235,0.06410069154398321,0.9935828746036388
Days_Policy_Claim,synthetic,8 to 15,333,28,0.08408408408408409,0.05881412712811101,0.11884054468753583,1.404835684905009
Days_Policy_Claim,synthetic,15 to 30,818,79,0.09657701711491443,0.07818019415488821,0.11874520682564817,1.6135614898182007
Days_Policy_Claim,synthetic,more than 30,288056,17203,0.05972102646707585,0.058861514140115666,0.06059228158704654,0.9977896534641019
Days_Policy_Claim,real_validation,8 to 15,1,0,0.0,0.0,0.7934506856227626,0.0
Days_Policy_Claim,real_validation,15 to 30,12,1,0.08333333333333333,0.014865094404917095,0.35387991114111694,1.3866906474820142
Days_Policy_Claim,real_validation,more than 30,2300,138,0.06,0.05100841473311687,0.0704589100905024,0.9984172661870503
AgentType,real_train,External,10624,643,0.06052334337349398,0.0561459488041569,0.06521843772893124,1.0111895433902796
AgentType,real_train,Internal,169,3,0.01775147928994083,0.006055167189316268,0.05088405843307138,0.29658160367853154
AgentType,synthetic,External,284655,17159,0.06027998805571657,0.05941157959459671,0.061160264522129096,1.007128509857286
AgentType,synthetic,Internal,4552,151,0.03317223198594024,0.0283507145996101,0.038781002248996596,0.5542254012685048
AgentType,real_validation,External,2277,139,0.06104523495827844,0.051931393937194335,0.0716376764735215,1.015810276679842
AgentType,real_validation,Internal,36,0,0.0,0.0,0.09641862859446367,0.0
RepNumber,real_train,1,669,44,0.06576980568011959,0.04935584727247687,0.08714207154136512,1.0988444469125862
RepNumber,real_train,2,637,34,0.05337519623233909,0.03844442460876096,0.07366046160272119,0.8917623729653805
RepNumber,real_train,3,667,45,0.06746626686656672,0.05080140961592139,0.0890847849339246,1.127187954010611
RepNumber,real_train,4,646,36,0.05572755417956656,0.040522221827001596,0.07618541169076151,0.9310642295047398
RepNumber,real_train,5,700,32,0.045714285714285714,0.032565421870359705,0.06382199317956413,0.7637682441397612
RepNumber,real_train,6,650,44,0.06769230769230769,0.05080963802258373,0.0896547782081408,1.1309645153608001
RepNumber,real_train,7,768,53,0.06901041666666667,0.053145354048919936,0.08916555393019049,1.1529867292311662
RepNumber,real_train,8,657,43,0.0654490106544901,0.048950474072960964,0.08699962049438181,1.0934847863682844
RepNumber,real_train,9,686,48,0.06997084548104957,0.053179281716286886,0.09155173951194762,1.1690330267445324
RepNumber,real_train,10,686,51,0.07434402332361516,0.056995476045469555,0.0964331958143422,1.2420975909160656
RepNumber,real_train,11,670,44,0.06567164179104477,0.04928163331481422,0.08701371868301036,1.0972043805739107
RepNumber,real_train,12,704,35,0.04971590909090909,0.03596187678537446,0.0683573290205674,0.8306250879538418
RepNumber,real_train,13,617,36,0.05834683954619125,0.04244023936346476,0.07971890085368039,0.9748257573096628
RepNumber,real_train,14,641,30,0.046801872074883,0.03297747839268164,0.06602586257960844,0.7819390174987805
RepNumber,real_train,15,686,33,0.048104956268221574,0.03445586660884482,0.06678690146150328,0.803710205886866
RepNumber,real_train,16,709,38,0.0535966149506347,0.03929490006543502,0.07270961066094966,0.8954617107773998
RepNumber,synthetic,1,17967,1059,0.05894139255301386,0.05559102314883481,0.062480323909831895,0.9847639119629971
RepNumber,synthetic,2,16942,1021,0.060264431590131035,0.05677970361674353,0.06394852718797625,1.0068686000512435
RepNumber,synthetic,3,17875,1078,0.060307692307692305,0.056911431291121445,0.0638928984410557,1.0075913789272541
RepNumber,synthetic,4,17199,1073,0.062387348101633815,0.05886958267418623,0.06610055461196372,1.0423372491293592
RepNumber,synthetic,5,18748,1093,0.058299551952208234,0.05503518733591753,0.061744888030526676,0.9740403536361806
RepNumber,synthetic,6,17369,1037,0.05970407047037826,0.05627680523567504,0.06332605096639513,0.9975063609778558
RepNumber,synthetic,7,20716,1230,0.05937439660166055,0.05623722339685994,0.0626749537893128,0.9919983314833299
RepNumber,synthetic,8,17465,1028,0.058860578299456054,0.05546599857969416,0.062449174196723724,0.983413707004667
RepNumber,synthetic,9,18295,1105,0.060399016124624214,0.057038447826687794,0.0639441544764511,1.0091171725219061
RepNumber,synthetic,10,18262,1089,0.05963202277954222,0.05628925563871504,0.06316001603812132,0.9963026234548277
RepNumber,synthetic,11,18018,1087,0.06032856032856033,0.056944869745878986,0.0638996878869794,1.0079400315968774
RepNumber,synthetic,12,18886,1109,0.058720745525786294,0.05545662805107144,0.06216434106421965,0.9810774495249033
RepNumber,synthetic,13,16748,1005,0.060007165034631,0.056510142475127895,0.06370598204891983,1.0025703164743227
RepNumber,synthetic,14,17159,1046,0.060959263360335685,0.05747673869201952,0.06463832388950624,1.0184775088765223
RepNumber,synthetic,15,18450,1166,0.06319783197831978,0.05977699497106376,0.06680052353818908,1.05587841669289
RepNumber,synthetic,16,19108,1084,0.05673016537575885,0.0535384449712086,0.060100079265205254,0.9478198115440258
RepNumber,real_validation,1,160,11,0.06875,0.03881942091091279,0.11890292242451045,1.144019784172662
RepNumber,real_validation,2,166,15,0.09036144578313253,0.055525017052733404,0.1437282103728588,1.5036404611250758
RepNumber,real_validation,3,126,8,0.06349206349206349,0.032520539972782904,0.12029242901961257,1.056526207605344
RepNumber,real_validation,4,134,8,0.05970149253731343,0.030559034028733424,0.11338502308186452,0.9934500161065177
RepNumber,real_validation,5,150,10,0.06666666666666667,0.03661185666960744,0.11836235511605896,1.1093525179856114
RepNumber,real_validation,6,141,13,0.09219858156028368,0.05467374521216715,0.15135468797032542,1.5342109291290371
RepNumber,real_validation,7,147,14,0.09523809523809523,0.057580719706139864,0.15351150301323996,1.5847893114080163
RepNumber,real_validation,8,138,3,0.021739130434782608,0.007420393841889743,0.06196311999474526,0.3617453862996559
RepNumber,real_validation,9,153,7,0.0457516339869281,0.022336215104613748,0.09141852139711071,0.7613203554803215
RepNumber,real_validation,10,147,6,0.04081632653061224,0.018838561435727368,0.08618202736356909,0.6791954191748641
RepNumber,real_validation,11,147,6,0.04081632653061224,0.018838561435727368,0.08618202736356909,0.6791954191748641
RepNumber,real_validation,12,129,5,0.03875968992248062,0.016667503195434634,0.08752782064075537,0.644972394177681
RepNumber,real_validation,13,150,8,0.05333333333333334,0.027269539920193826,0.1017038783819546,0.8874820143884893
RepNumber,real_validation,14,137,10,0.072992700729927,0.04012862258262597,0.12915007575183807,1.2146195452397206
RepNumber,real_validation,15,149,7,0.04697986577181208,0.022940723482127327,0.09379107794372024,0.7817584858287866
RepNumber,real_validation,16,139,8,0.05755395683453238,0.029448901559716058,0.10945656037343804,0.9577144040163553
Make,real_train,Accura,325,40,0.12307692307692308,0.09170028913514468,0.16325983396298932,2.056299118837819
Make,real_train,BMW,11,1,0.09090909090909091,0.016232172885884855,0.37735843645159567,1.5188573036870252
Make,real_train,Chevrolet,1154,65,0.05632582322357019,0.04443679738517175,0.07115887229918794,0.9410597678823421
Make,real_train,Dodge,73,1,0.0136986301369863,0.0024222514664838588,0.07359737270963818,0.22886890877475718
Make,real_train,Ferrari,2,0,0.0,0.0,0.6576197724933469,0.0
Make,real_train,Ford,306,22,0.0718954248366013,0.04795494604612276,0.1064513074061632,1.2011878022622877
Make,real_train,Honda,1983,124,0.06253151790216843,0.05269760223188188,0.07405708053489339,1.0447409794397893
Make,real_train,Jaguar,5,0,0.0,0.0,0.43448246478317476,0.0
Make,real_train,Mazda,1649,88,0.053365676167374164,0.043518473362719044,0.0652889732686181,0.8916033171431414
Make,real_train,Mecedes,3,0,0.0,5.551115123125783e-17,0.5614970317550454,0.0
Make,real_train,Mercury,54,5,0.09259259259259259,0.04020113475702944,0.19909882590962688,1.5469842907923403
Make,real_train,Nisson,24,1,0.041666666666666664,0.0073934561655057685,0.20241806478655938,0.6961429308565531
Make,real_train,Pontiac,2673,151,0.056490834268612046,0.04835838750055877,0.06589621574196394,0.9438166784228016
Make,real_train,Porche,4,0,0.0,0.0,0.4898908364545973,0.0
Make,real_train,Saab,74,9,0.12162162162162163,0.06532315657822622,0.21526586566768757,2.031984771148858
Make,real_train,Saturn,46,6,0.13043478260869565,0.06117840362035115,0.25665857779073004,2.1792300444205144
Make,real_train,Toyota,2209,129,0.058397464916251696,0.04936384360469217,0.06896431667852992,0.9756715771534126
Make,real_train,VW,198,4,0.020202020202020204,0.007883534706380906,0.05078359388989766,0.3375238452637834
Make,synthetic,Accura,8694,638,0.07338394294916034,0.06808896840377845,0.07905575306303736,1.226062968717378
Make,synthetic,BMW,273,10,0.03663003663003663,0.020016278980840557,0.06610326005877948,0.6119967073173312
Make,synthetic,Chevrolet,31045,1824,0.0587534224512804,0.056191710589853575,0.06142431909885608,0.9816233995879521
Make,synthetic,Dodge,2021,92,0.045522018802572985,0.037264216376141156,0.05550426088039257,0.760559589360816
Make,synthetic,Ferrari,46,1,0.021739130434782608,0.0038478542580502872,0.11335294521511355,0.36320674151659005
Make,synthetic,Ford,8153,585,0.07175272905678891,0.06635013550155819,0.07755868812174743,1.1988094461193963
Make,synthetic,Honda,53232,3402,0.06390892696122633,0.061862442310435924,0.06601834762855163,1.0677590433088031
Make,synthetic,Jaguar,112,3,0.026785714285714284,0.009150819945928902,0.07580545495671442,0.44752259222579843
Make,synthetic,Mazda,44224,2451,0.05542239507959479,0.05332829407794077,0.05759372465517749,0.925970226099617
Make,synthetic,Mecedes,51,5,0.09803921568627451,0.04260807310761862,0.20978234681080865,1.6379911872316806
Make,synthetic,Mercury,1391,91,0.06542056074766354,0.05358603379410379,0.07964879203177805,1.0930146800779625
Make,synthetic,Nisson,598,22,0.03678929765886288,0.024418704109319907,0.05507309247518139,0.614657562566537
Make,synthetic,Pontiac,71499,4220,0.05902180450076225,0.05731797497665712,0.06077301674544947,0.986107395392949
Make,synthetic,Porche,120,8,0.06666666666666667,0.03416530686090633,0.12605130403530337,1.1138340073175428
Make,synthetic,Saab,1919,160,0.08337675872850443,0.07182462250769893,0.09659355743902985,1.39301803937577
Make,synthetic,Saturn,1207,99,0.0820215410107705,0.0678352605893768,0.09885993914162575,1.3703757256558002
Make,synthetic,Toyota,59340,3430,0.05780249410178632,0.055953294078190684,0.05970894298112719,0.9657357545751193
Make,synthetic,VW,5282,269,0.050927678909503976,0.04531829732611122,0.05718978261573072,0.8508747102473088
Make,real_validation,Accura,76,8,0.10526315789473684,0.054311261828219104,0.1941994632232051,1.7516092389246496
Make,real_validation,BMW,2,0,0.0,0.0,0.6576197724933469,0.0
Make,real_validation,Chevrolet,263,13,0.049429657794676805,0.02911140009869205,0.08272076778323474,0.8225237300653773
Make,real_validation,Dodge,24,0,0.0,1.3877787807814457e-17,0.13797620467498017,0.0
Make,real_validation,Ford,71,6,0.08450704225352113,0.03930650771071112,0.1723603821430428,1.4062215016719017
Make,real_validation,Honda,411,24,0.058394160583941604,0.039551377240035615,0.0854155413704339,0.9716956361917765
Make,real_validation,Jaguar,1,0,0.0,0.0,0.7934506856227626,0.0
Make,real_validation,Mazda,328,17,0.051829268292682924,0.03260825989317723,0.08142649319396256,0.8624539392875943
Make,real_validation,Mercury,16,1,0.0625,0.01111934476464252,0.28328737570298945,1.0400179856115108
Make,real_validation,Nisson,3,0,0.0,5.551115123125783e-17,0.5614970317550454,0.0
Make,real_validation,Pontiac,600,35,0.058333333333333334,0.04223947455645403,0.08004669467231493,0.97068345323741
Make,real_validation,Saab,24,2,0.08333333333333333,0.023158815297043306,0.25848802193210685,1.3866906474820142
Make,real_validation,Saturn,4,0,0.0,0.0,0.4898908364545973,0.0
Make,real_validation,Toyota,452,33,0.07300884955752213,0.05245583592479189,0.10075852724739681,1.214888266378048
Make,real_validation,VW,38,0,0.0,0.0,0.09180986822558396,0.0
VehicleCategory,real_train,Sedan,6796,562,0.08269570335491466,0.07638089421063822,0.08948201092484374,1.3816327032656253
VehicleCategory,real_train,Sport,3720,53,0.01424731182795699,0.010909264941397108,0.01858754904366441,0.23803596990578915
VehicleCategory,real_train,Utility,277,31,0.11191335740072202,0.07997048594736693,0.15447302925574707,1.8697846229504531
VehicleCategory,synthetic,Sedan,182251,15094,0.08281984735337529,0.08156328195541594,0.08409399890009615,1.383713436945558
VehicleCategory,synthetic,Sport,99725,1418,0.014219102531962898,0.013502784845874647,0.01497284384167308,0.2375657993045288
VehicleCategory,synthetic,Utility,7231,798,0.11035818005808325,0.10334199954058708,0.11778813412255947,1.843810409015487
VehicleCategory,real_validation,Sedan,1454,114,0.07840440165061899,0.06567212476257053,0.09335851428115641,1.3046718058840412
VehicleCategory,real_validation,Sport,793,16,0.0201765447667087,0.012456938111846453,0.03252247206309425,0.33574351111796563
VehicleCategory,real_validation,Utility,66,9,0.13636363636363635,0.07343320265668933,0.2392959297167952,2.2691301504251142
VehiclePrice,real_train,less than 20000,764,68,0.08900523560209424,0.07081586817303932,0.11130696097905236,1.4870487737668778
VehiclePrice,real_train,20000 to 29000,5688,301,0.05291842475386779,0.04739641523774504,0.05904391048176644,0.884130895307268
VehiclePrice,real_train,30000 to 39000,2442,125,0.05118755118755119,0.04313019781999091,0.0606547216420777,0.8552124457697213
VehiclePrice,real_train,40000 to 59000,316,24,0.0759493670886076,0.05156617656386806,0.11051868576711854,1.2689187600423248
VehiclePrice,real_train,60000 to 69000,65,3,0.046153846153846156,0.015819840413512566,0.12713847263338832,0.771112169564182
VehiclePrice,real_train,more than 69000,1518,125,0.08234519104084322,0.06954835677078822,0.09725052845435284,1.375776543194769
VehiclePrice,synthetic,less than 20000,20610,1744,0.08461911693352742,0.08089643432456163,0.08849661479712594,1.4137747516461387
VehiclePrice,synthetic,20000 to 29000,153159,8521,0.05563499369935818,0.05449815481571672,0.05679412271364495,0.9295222196886356
VehiclePrice,synthetic,30000 to 39000,65510,3308,0.050496107464509235,0.048845543766550314,0.05219938523492877,0.8436642259669741
VehiclePrice,synthetic,40000 to 59000,8300,505,0.0608433734939759,0.05590108696587373,0.06619197849646702,1.0165412777626972
VehiclePrice,synthetic,60000 to 69000,1830,78,0.04262295081967213,0.034286034694915174,0.05287605778143492,0.7121233817276093
VehiclePrice,synthetic,more than 69000,39798,3154,0.07925021357857179,0.07663671535386785,0.08194492879822435,1.3240737445648763
VehiclePrice,real_validation,less than 20000,168,18,0.10714285714285714,0.06885438384524045,0.16299571271537017,1.7828879753340183
VehiclePrice,real_validation,20000 to 29000,1191,56,0.047019311502938706,0.036385090203253395,0.06056623163573718,0.7824148741460232
VehiclePrice,real_validation,30000 to 39000,532,31,0.05827067669172932,0.04135187853058413,0.08152300868997771,0.969640828690431
VehiclePrice,real_validation,40000 to 59000,82,2,0.024390243902439025,0.006714370331163358,0.08463378391063939,0.4058606773118091
VehiclePrice,real_validation,60000 to 69000,10,0,0.0,0.0,0.2775327998628892,0.0
VehiclePrice,real_validation,more than 69000,330,32,0.09696969696969697,0.06952737594233865,0.13368722496536853,1.6136036625245258
AgeOfVehicle,real_train,new,269,25,0.09293680297397769,0.06374327329048418,0.13359278792768145,1.5527351617618286
AgeOfVehicle,real_train,2 years,58,2,0.034482758620689655,0.009507928331165413,0.11729145464312694,0.5761182876054233
AgeOfVehicle,real_train,3 years,110,6,0.05454545454545454,0.025235827051103485,0.11391786075998823,0.911314382212215
AgeOfVehicle,real_train,4 years,162,14,0.08641975308641975,0.052175490329125204,0.13982389901006737,1.4438520047395176
AgeOfVehicle,real_train,5 years,945,68,0.07195767195767196,0.05715684330057508,0.090224426268423,1.2022277917014759
AgeOfVehicle,real_train,6 years,2431,157,0.06458247634718223,0.05548253183346272,0.07505634069528067,1.079007224791235
AgeOfVehicle,real_train,7 years,4042,230,0.05690252350321623,0.050172666163284,0.06447380813427717,0.9506949476319083
AgeOfVehicle,real_train,more than 7,2776,144,0.05187319884726225,0.04422514733890204,0.060759781889581185,0.86666785628251
AgeOfVehicle,synthetic,new,6298,543,0.0862178469355351,0.07953547373135653,0.0934046844656165,1.4404855493174638
AgeOfVehicle,synthetic,2 years,1518,105,0.0691699604743083,0.05746271940358677,0.08305221898323065,1.1556578139164229
AgeOfVehicle,synthetic,3 years,2917,255,0.08741858073363044,0.07770373203622213,0.09821867459387287,1.460546821388276
AgeOfVehicle,synthetic,4 years,4255,292,0.06862514688601645,0.061411407155889615,0.07661708357442089,1.1465553353821005
AgeOfVehicle,synthetic,5 years,25157,1580,0.06280558095162381,0.059873808998299506,0.0658708511713046,1.049324878698802
AgeOfVehicle,synthetic,6 years,65492,4125,0.06298479203566848,0.061149735610337104,0.0648711120492833,1.05231904969726
AgeOfVehicle,synthetic,7 years,108684,6288,0.05785580214198962,0.05648334036929977,0.059259518169177176,0.9666263991957476
AgeOfVehicle,synthetic,more than 7,74886,4122,0.05504366637288679,0.05343291720460752,0.05670006342609517,0.9196426124034355
AgeOfVehicle,real_validation,new,55,5,0.09090909090909091,0.03945815507418035,0.1957749458397994,1.512753433616743
AgeOfVehicle,real_validation,2 years,8,0,0.0,0.0,0.32440756488388023,0.0
AgeOfVehicle,real_validation,3 years,12,1,0.08333333333333333,0.014865094404917095,0.35387991114111694,1.3866906474820142
AgeOfVehicle,real_validation,4 years,43,6,0.13953488372093023,0.06555723427964878,0.2726358796738286,2.321900619039652
AgeOfVehicle,real_validation,5 years,195,14,0.07179487179487179,0.04324525272336997,0.11688965580899628,1.1946873270614276
AgeOfVehicle,real_validation,6 years,507,32,0.0631163708086785,0.04506009486333501,0.08774325860235646,1.0502745732408156
AgeOfVehicle,real_validation,7 years,876,48,0.0547945205479452,0.041575646519276074,0.07190100068773073,0.9117965901251601
AgeOfVehicle,real_validation,more than 7,617,33,0.05348460291734198,0.038334592496614264,0.07416024467704992,0.8899991837972085
NumberOfCars,real_train,1 vehicle,10009,596,0.05954640823259067,0.05507713807728022,0.06435364126130921,0.9948674675763949
NumberOfCars,real_train,2 vehicles,505,29,0.05742574257425743,0.04027793044709284,0.0812559142282599,0.9594365938141802
NumberOfCars,real_train,3 to 4,263,20,0.07604562737642585,0.04976441898617002,0.11453335923184549,1.2705270220956102
NumberOfCars,real_train,5 to 8,14,1,0.07142857142857142,0.012722215247890939,0.31468704424151117,1.1933878814683767
NumberOfCars,real_train,more than 8,2,0,0.0,0.0,0.6576197724933469,0.0
NumberOfCars,synthetic,1 vehicle,268384,15974,0.059519196375342795,0.0586303816728685,0.06042062035891741,0.9944175751660175
NumberOfCars,synthetic,2 vehicles,13255,784,0.05914749151263674,0.055257830182859985,0.06329260755353792,0.988207312414508
NumberOfCars,synthetic,3 to 4,7152,520,0.07270693512304251,0.06691585903675,0.07895677730205487,1.2147518536181257
NumberOfCars,synthetic,5 to 8,357,24,0.06722689075630252,0.04558912963143348,0.09807911456124584,1.1231939569588667
NumberOfCars,synthetic,more than 8,59,8,0.13559322033898305,0.0703417467253372,0.24539660806537295,2.2654250996289007
NumberOfCars,real_validation,1 vehicle,2149,128,0.05956258724988367,0.05032009228559879,0.07037688600607382,0.9911385921509419
NumberOfCars,real_validation,2 vehicles,105,7,0.06666666666666667,0.03266588465602071,0.1312556486825412,1.1093525179856114
NumberOfCars,real_validation,3 to 4,58,4,0.06896551724137931,0.027144247017578338,0.1643366631438035,1.1476060530885637
NumberOfCars,real_validation,5 to 8,1,0,0.0,0.0,0.7934506856227626,0.0
age_band,real_train,missing,232,24,0.10344827586206896,0.0705068214322776,0.14930804521552507,1.72835486281627
age_band,real_train,16-20,88,11,0.125,0.07125274152192247,0.21011755847674674,2.0884287925696596
age_band,real_train,21-25,430,27,0.06279069767441861,0.043509051710630686,0.08981490256963531,1.0490712074303408
age_band,real_train,26-30,1927,121,0.06279190451478983,0.05280640254671397,0.07451708001971459,1.049091370631775
age_band,real_train,31-35,1983,121,0.06101865859808371,0.051308139338952466,0.07242667489560417,1.01946498800173
age_band,real_train,36-40,1404,90,0.0641025641025641,0.052442303698865496,0.07814161799832083,1.070989124394697
age_band,real_train,41-50,2449,134,0.05471621069824418,0.04638639789624521,0.06444076455370508,0.9141672787401693
age_band,real_train,51-65,1924,92,0.04781704781704782,0.03915057648406845,0.058285578320694996,0.7988999954944228
age_band,real_train,66+,356,26,0.07303370786516854,0.050324566442870186,0.10485893854764132,1.2202055866699133
age_band,synthetic,missing,5242,502,0.09576497520030523,0.08809234785573065,0.10402963423849464,1.5999942913203162
age_band,synthetic,16-20,2224,261,0.11735611510791367,0.10463516503191911,0.13139664806623907,1.9607284796079947
age_band,synthetic,21-25,11447,734,0.06412160391368918,0.05977860034193115,0.06875705916516299,1.0713123456421898
age_band,synthetic,26-30,51828,3207,0.061877749479046076,0.059835784824872236,0.06398465601205104,1.0338231249905534
age_band,synthetic,31-35,53359,3229,0.06051462733559475,0.05852298050263675,0.06256954909602042,1.0110487479979982
age_band,synthetic,36-40,37990,2361,0.06214793366675441,0.059764228768369745,0.06462017873995651,1.0383372300381883
age_band,synthetic,41-50,66113,3697,0.0559194107059126,0.054193652363303355,0.057696772157781254,0.934274119701032
age_band,synthetic,51-65,51549,2639,0.051194009583115097,0.04932467857241952,0.053130226130354556,0.8553244326692067
age_band,synthetic,66+,9455,680,0.07191961924907457,0.06688407420349736,0.0773028713921353,1.2015977656942292
age_band,real_validation,missing,45,5,0.1111111111111111,0.04840471794567186,0.2349909699576858,1.8489208633093523
age_band,real_validation,16-20,11,2,0.18181818181818182,0.05136768974608513,0.4769805619608442,3.025506867233486
age_band,real_validation,21-25,87,1,0.011494252873563218,0.0020319077375923027,0.06227197835723791,0.1912676755147606
age_band,real_validation,26-30,418,24,0.05741626794258373,0.03888383502019251,0.0840093935534589,0.9554232212316272
age_band,real_validation,31-35,414,32,0.07729468599033816,0.05528123804448694,0.10708048405979696,1.286205817954332
age_band,real_validation,36-40,302,18,0.059602649006622516,0.03803058287597809,0.09223775606773589,0.9918052313116393
age_band,real_validation,41-50,536,30,0.055970149253731345,0.03948370451084933,0.07877593964497082,0.9313593900998605
age_band,real_validation,51-65,423,24,0.05673758865248227,0.03842065224551939,0.08303301105121177,0.9441298025409459
age_band,real_validation,66+,77,3,0.03896103896103896,0.013337950040590962,0.10839981872632877,0.6483229001214612
AgeOfPolicyHolder,real_train,16 to 17,232,24,0.10344827586206896,0.0705068214322776,0.14930804521552507,1.72835486281627
AgeOfPolicyHolder,real_train,18 to 20,12,1,0.08333333333333333,0.014865094404917095,0.35387991114111694,1.3922858617131062
AgeOfPolicyHolder,real_train,21 to 25,76,10,0.13157894736842105,0.07306881567918964,0.22554119436880626,2.1983460974417466
AgeOfPolicyHolder,real_train,26 to 30,430,27,0.06279069767441861,0.043509051710630686,0.08981490256963531,1.0490712074303408
AgeOfPolicyHolder,real_train,31 to 35,3910,242,0.061892583120204604,0.05476130533163854,0.06988387101326352,1.0340660210779695
AgeOfPolicyHolder,real_train,36 to 40,2825,171,0.060530973451327436,0.052319842599814426,0.06993566865986246,1.011317022384175
AgeOfPolicyHolder,real_train,41 to 50,1976,95,0.04807692307692308,0.03948979299869577,0.05841777326479541,0.8032418432960229
AgeOfPolicyHolder,real_train,51 to 65,976,50,0.05122950819672131,0.03907305086199055,0.06690476614697166,0.8559134395777294
AgeOfPolicyHolder,real_train,over 65,356,26,0.07303370786516854,0.050324566442870186,0.10485893854764132,1.2202055866699133
AgeOfPolicyHolder,synthetic,16 to 17,5242,502,0.09576497520030523,0.08809234785573065,0.10402963423849464,1.5999942913203162
AgeOfPolicyHolder,synthetic,18 to 20,246,26,0.10569105691056911,0.0731524392280695,0.15035513667337588,1.765834401844885
AgeOfPolicyHolder,synthetic,21 to 25,1978,235,0.11880687563195147,0.10528135697708542,0.1338101489109063,1.9849670757302014
AgeOfPolicyHolder,synthetic,26 to 30,11447,734,0.06412160391368918,0.05977860034193115,0.06875705916516299,1.0713123456421898
AgeOfPolicyHolder,synthetic,31 to 35,105187,6436,0.06118626826508979,0.05975384695176066,0.06265073960971514,1.0222701956176674
AgeOfPolicyHolder,synthetic,36 to 40,76340,4689,0.06142258318050825,0.05974132995761743,0.06314797295859997,1.0262184294561092
AgeOfPolicyHolder,synthetic,41 to 50,53077,2620,0.049362247301090866,0.04755174602120781,0.051237973860847684,0.824720245823604
AgeOfPolicyHolder,synthetic,51 to 65,26235,1388,0.05290642271774347,0.05026260313580539,0.05568115444904773,0.8839345924281014
AgeOfPolicyHolder,synthetic,over 65,9455,680,0.07191961924907457,0.06688407420349736,0.0773028713921353,1.2015977656942292
AgeOfPolicyHolder,real_validation,16 to 17,45,5,0.1111111111111111,0.04840471794567186,0.2349909699576858,1.8489208633093523
AgeOfPolicyHolder,real_validation,18 to 20,1,0,0.0,0.0,0.7934506856227626,0.0
AgeOfPolicyHolder,real_validation,21 to 25,10,2,0.2,0.05668215145437519,0.5098375284633583,3.3280575539568344
AgeOfPolicyHolder,real_validation,26 to 30,87,1,0.011494252873563218,0.0020319077375923027,0.06227197835723791,0.1912676755147606
AgeOfPolicyHolder,real_validation,31 to 35,832,56,0.0673076923076923,0.05219443258162988,0.08639818878000637,1.1200193691200884
AgeOfPolicyHolder,real_validation,36 to 40,611,37,0.060556464811783964,0.04425011307800118,0.08235400202184766,1.0076770007888942
AgeOfPolicyHolder,real_validation,41 to 50,454,24,0.05286343612334802,0.03577829928094059,0.07745185456800772,0.8796627895921149
AgeOfPolicyHolder,real_validation,51 to 65,196,11,0.05612244897959184,0.03162351270832498,0.09768628603508858,0.9338937013654383
AgeOfPolicyHolder,real_validation,over 65,77,3,0.03896103896103896,0.013337950040590962,0.10839981872632877,0.6483229001214612
Sex,real_train,Female,1681,72,0.04283164782867341,0.034149781584557365,0.05359821277223857,0.7156067724688423
Sex,real_train,Male,9112,574,0.06299385425812117,0.05818725993470808,0.06816876150598364,1.0524654319007767
Sex,synthetic,Female,45420,2047,0.04506825187142228,0.043198559867839104,0.04701489032077212,0.7529782737711394
Sex,synthetic,Male,243787,15263,0.06260793233437385,0.061653154845475774,0.06357649396386049,1.0460226624279179
Sex,real_validation,Female,356,14,0.03932584269662921,0.02356776203786188,0.06491970387295315,0.6543933392611753
Sex,real_validation,Male,1957,125,0.06387327542156362,0.05387086097213961,0.07558451017926476,1.0628696838135012
MaritalStatus,real_train,Divorced,59,2,0.03389830508474576,0.00934590909166131,0.11543570750110752,0.5663535708663483
MaritalStatus,real_train,Married,7419,441,0.059441973311767086,0.054286129824622234,0.06505381078101108,0.9931226284116133
MaritalStatus,real_train,Single,3291,201,0.061075660893345485,0.05339466460429243,0.06978014179927725,1.0204173498790678
MaritalStatus,real_train,Widow,24,2,0.08333333333333333,0.023158815297043306,0.25848802193210685,1.3922858617131062
MaritalStatus,synthetic,Divorced,1567,67,0.042756860242501596,0.03380823158153448,0.053941845325767374,0.7143606747633251
MaritalStatus,synthetic,Married,199963,11727,0.0586458494821542,0.05762446623994445,0.05968418997369776,0.9798261231187387
MaritalStatus,synthetic,Single,87054,5482,0.06297240793070967,0.06137797819795997,0.06460540566538335,1.0521121421384605
MaritalStatus,synthetic,Widow,623,34,0.05457463884430177,0.03931412736341104,0.0752945313488777,0.9118063302278441
MaritalStatus,real_validation,Divorced,11,1,0.09090909090909091,0.016232172885884855,0.37735843645159567,1.512753433616743
MaritalStatus,real_validation,Married,1602,96,0.0599250936329588,0.04932152805817879,0.0726341343423406,0.9971708026836957
MaritalStatus,real_validation,Single,694,42,0.06051873198847262,0.04508207276226873,0.08079388045085847,1.0070491157506272
MaritalStatus,real_validation,Widow,6,0,0.0,2.7755575615628914e-17,0.3903342879021653,0.0
DriverRating,real_train,1,2780,158,0.05683453237410072,0.048823804336104684,0.06606831992882636,0.9495589905784352
DriverRating,real_train,2,2669,154,0.057699512926189585,0.04947257206173516,0.06719781921477708,0.9640105928983966
DriverRating,real_train,3,2687,171,0.06363974692966133,0.055018311438356095,0.07350708261152779,1.0632566387180105
DriverRating,real_train,4,2657,163,0.06134738426797139,0.052840922176004085,0.07112041258419709,1.0249571492325313
DriverRating,synthetic,1,74519,4264,0.057220306230625746,0.05557540605050722,0.058910854695940026,0.9560088448319225
DriverRating,synthetic,2,71646,4218,0.058872791223515616,0.05717273738225081,0.06062014655136295,0.983617754556862
DriverRating,synthetic,3,71858,4615,0.06422388599738373,0.062454636760936266,0.06603972507798214,1.073021224589564
DriverRating,synthetic,4,71184,4213,0.05918464823555855,0.057474859981315976,0.06094201129995497,0.9888281087383698
DriverRating,real_validation,1,591,43,0.0727580372250423,0.054462596403757155,0.09657169599208516,1.2107146769893729
DriverRating,real_validation,2,574,35,0.06097560975609756,0.04416698980218485,0.08362145059701352,1.0146516932795226
DriverRating,real_validation,3,598,35,0.05852842809364549,0.0423817512056755,0.0803107913874954,0.9739298861913813
DriverRating,real_validation,4,550,26,0.04727272727272727,0.032461664307520066,0.06836404660909944,0.7866317854807063
Fault,real_train,Policy Holder,7815,615,0.07869481765834933,0.07292990528301457,0.08487371118867595,1.3147881841897282
Fault,real_train,Third Party,2978,31,0.010409670920080591,0.007343263555868645,0.014737541118010344,0.17391885176537122
Fault,synthetic,Policy Holder,209517,16372,0.07814163051208255,0.07700010677523951,0.07929862336926004,1.3055520817739952
Fault,synthetic,Third Party,79690,938,0.01177061111808257,0.011044978356885431,0.012543311834798242,0.19665760425345497
Fault,real_validation,Policy Holder,1727,135,0.0781702374059062,0.06642548706488367,0.09178741997241109,1.3007752454666262
Fault,real_validation,Third Party,586,4,0.006825938566552901,0.0026575825221819664,0.017418081274610947,0.11358558204630835
AccidentArea,real_train,Rural,1135,89,0.07841409691629955,0.06415870809915349,0.0955136127601491,1.310098061946782
AccidentArea,real_train,Urban,9658,557,0.05767239594118865,0.053196539983835923,0.062499982628856136,0.9635575377604475
AccidentArea,synthetic,Rural,30150,2099,0.06961857379767827,0.06680031431037294,0.07254649045939078,1.163153025552001
AccidentArea,synthetic,Urban,259057,15211,0.05871680749796377,0.057818035600741766,0.05962866644610952,0.9810116548852459
AccidentArea,real_validation,Rural,222,22,0.0990990990990991,0.06635706872257166,0.1454794074962507,1.6490375267353685
AccidentArea,real_validation,Urban,2091,117,0.05595408895265423,0.04689270344523095,0.06664403119367038,0.9310921420682678
PoliceReportFiled,real_train,No,10501,635,0.06047043138748691,0.05607026694916873,0.06519205422095008,1.0103055200698858
PoliceReportFiled,real_train,Yes,292,11,0.03767123287671233,0.02116300321330862,0.06618600771878089,0.6293894991305823
PoliceReportFiled,synthetic,No,281295,16967,0.06031746031746032,0.05944365987036882,0.06120326950487657,1.0077545780492054
PoliceReportFiled,synthetic,Yes,7912,343,0.04335187057633974,0.039081796383828395,0.04806515601653804,0.7243018159313395
PoliceReportFiled,real_validation,No,2241,137,0.06113342257920571,0.05194549115211136,0.07182336465236737,1.0172777440698044
PoliceReportFiled,real_validation,Yes,72,2,0.027777777777777776,0.007651021904494577,0.09574175221438225,0.4622302158273381
WitnessPresent,real_train,No,10736,644,0.05998509687034277,0.055648775895670605,0.06463618955507143,1.0021968274328321
WitnessPresent,real_train,Yes,57,2,0.03508771929824561,0.009675664344932881,0.11920781367625805,0.5862256259844658
WitnessPresent,synthetic,No,287667,17262,0.060006882958420674,0.05914485187522388,0.060880665079240406,1.002565603683187
WitnessPresent,synthetic,Yes,1540,48,0.03116883116883117,0.02358901063488688,0.041081787166437074,0.5207535618627472
WitnessPresent,real_validation,No,2297,138,0.06007836308228123,0.051075326042267236,0.0705503764796823,0.9997212504267373
WitnessPresent,real_validation,Yes,16,1,0.0625,0.01111934476464252,0.28328737570298945,1.0400179856115108
NumberOfSuppliments,real_train,none,4899,325,0.06634006940191876,0.05970519871603847,0.07365449980008815,1.108372088320293
NumberOfSuppliments,real_train,1 to 2,1760,111,0.06306818181818181,0.052635637845634596,0.07540390771062638,1.0537072544328736
NumberOfSuppliments,real_train,3 to 5,1426,78,0.0546984572230014,0.04404797326343747,0.06774166455593887,0.9138706637892479
NumberOfSuppliments,real_train,more than 5,2708,132,0.04874446085672083,0.04125399941586204,0.05751337429969841,0.814394684251684
NumberOfSuppliments,synthetic,none,131156,8480,0.06465582969898441,0.06333764430237573,0.06599951614354252,1.080237928350906
NumberOfSuppliments,synthetic,1 to 2,47190,2811,0.05956770502225048,0.05746787684634255,0.061739233338353045,0.9952280338746385
NumberOfSuppliments,synthetic,3 to 5,38421,2176,0.05663569402149866,0.05436845027546644,0.05899158696733603,0.9462414304376408
NumberOfSuppliments,synthetic,more than 5,72440,3843,0.05305080066261734,0.05144219162875105,0.05470681019070432,0.8863467884017083
NumberOfSuppliments,real_validation,none,1081,77,0.07123034227567067,0.05736786898174974,0.08812939012215644,1.185293393407383
NumberOfSuppliments,real_validation,1 to 2,343,25,0.0728862973760933,0.04985361063783849,0.10538001974695477,1.2128489628122574
NumberOfSuppliments,real_validation,3 to 5,294,9,0.030612244897959183,0.01618721494388896,0.05714528519620428,0.5093965643811481
NumberOfSuppliments,real_validation,more than 5,595,28,0.047058823529411764,0.032756509082777226,0.06717220817494346,0.7830723656369022
AddressChange_Claim,real_train,under 6 months,2,2,1.0,0.34238022750665303,1.0,16.707430340557277
AddressChange_Claim,real_train,1 year,122,9,0.07377049180327869,0.039293805533232,0.13426949407707403,1.2325153529919302
AddressChange_Claim,real_train,2 to 3 years,207,44,0.21256038647342995,0.16232668107737463,0.27326819354734916,3.551337850166764
AddressChange_Claim,real_train,4 to 8 years,447,21,0.04697986577181208,0.03093028180280071,0.07074949481003717,0.7849128347912815
AddressChange_Claim,real_train,no change,10015,570,0.05691462805791313,0.052544776000627236,0.061624258764729184,0.9508971836363102
AddressChange_Claim,synthetic,under 6 months,32,29,0.90625,0.7578184527161212,0.9675984487016337,15.141181036972847
AddressChange_Claim,synthetic,1 year,3199,168,0.0525164113785558,0.0453092265765801,0.060797011646596205,0.8774184740357011
AddressChange_Claim,synthetic,2 to 3 years,5242,931,0.17760396795116368,0.1674952929281591,0.1881848154905482,2.967320090078116
AddressChange_Claim,synthetic,4 to 8 years,11826,624,0.05276509386098427,0.048879043897115476,0.05694160155940352,0.8815733391249958
AddressChange_Claim,synthetic,no change,268908,15558,0.057856218483644965,0.0569800891460632,0.058744980043893516,0.9666333552281634
AddressChange_Claim,real_validation,under 6 months,2,1,0.5,0.09453120573423074,0.9054687942657693,8.320143884892087
AddressChange_Claim,real_validation,1 year,29,1,0.034482758620689655,0.006113214292762653,0.17175521879320288,0.5738030265442818
AddressChange_Claim,real_validation,2 to 3 years,33,4,0.12121212121212122,0.04816161309413558,0.2732550517107523,2.017004578155657
AddressChange_Claim,real_validation,4 to 8 years,95,5,0.05263157894736842,0.02268811304914955,0.11734886117037888,0.8758046194623248
AddressChange_Claim,real_validation,no change,2154,128,0.059424326833797586,0.050202764453787296,0.0702145432026811,0.9888378990400993
PastNumberOfClaims,real_train,none,2981,220,0.07380073800738007,0.06495393533071658,0.08374456840691749,1.2330206893400204
PastNumberOfClaims,real_train,1,2537,168,0.06621994481671266,0.05718467739507631,0.07656686292276317,1.1063651151807736
PastNumberOfClaims,real_train,2 to 4,3857,205,0.05315011667098781,0.046504574532049134,0.06068487192274087,0.8880018718730208
PastNumberOfClaims,real_train,more than 4,1418,53,0.03737658674188998,0.028688168363753576,0.048564789861138095,0.6244667193579235
PastNumberOfClaims,synthetic,none,80030,6048,0.07557166062726478,0.07376075446349833,0.07742331015554596,1.2626142839416155
PastNumberOfClaims,synthetic,1,68207,4639,0.06801354699664257,0.06614831878801744,0.06992743193299072,1.1363370240472563
PastNumberOfClaims,synthetic,2 to 4,103260,5217,0.050522951772225454,0.04920370909805624,0.051875635921110747,0.8441127275095324
PastNumberOfClaims,synthetic,more than 4,37710,1406,0.03728453990983824,0.03541898835524573,0.039244354064944455,0.6229318274814897
PastNumberOfClaims,real_validation,none,694,55,0.0792507204610951,0.06139141958965591,0.10174227987996098,1.318754794435345
PastNumberOfClaims,real_validation,1,524,36,0.06870229007633588,0.05003529493295414,0.09364697472077765,1.1432258773134165
PastNumberOfClaims,real_validation,2 to 4,817,40,0.04895960832313342,0.03615856286203432,0.06598230480460308,0.8147019715928604
PastNumberOfClaims,real_validation,more than 4,278,8,0.02877697841726619,0.014652415137463445,0.05574694663037762,0.47885720200817766
