pair,row_value,col_value,n,fraud,rate,lo,hi,rate_syn
Fault x BasePolicy,Policy Holder,All Perils,1944,306,0.1574074074074074,0.14189587034597065,0.17427024062363086,0.157114852398524
Fault x BasePolicy,Policy Holder,Collision,2906,284,0.09772883688919477,0.08745753612209849,0.10906226295054623,0.0967392984082831
Fault x BasePolicy,Policy Holder,Liability,2965,25,0.008431703204047217,0.005717745895993817,0.012417765739606096,0.008580411609234277
Fault x BasePolicy,Third Party,All Perils,1181,15,0.012701100762066046,0.007711971761023315,0.020850042649223164,0.013621566954268196
Fault x BasePolicy,Third Party,Collision,1291,15,0.011618900077459334,0.007053727627761016,0.019081872673078894,0.01368405922092856
Fault x BasePolicy,Third Party,Liability,506,1,0.001976284584980237,0.0003489479832500036,0.011108454547736606,0.002337153196622437
VehicleCategory x VehiclePrice,Sedan,20000 to 29000,3825,291,0.07607843137254902,0.06809524046275144,0.08491225935708614,0.07884423715200836
VehicleCategory x VehiclePrice,Sedan,30000 to 39000,1437,113,0.07863604732080724,0.06581567427231064,0.09370323560748678,0.07994682376247947
VehicleCategory x VehiclePrice,Sedan,40000 to 59000,165,20,0.12121212121212122,0.07985230358350204,0.17980820353905713,0.09702367002577923
VehicleCategory x VehiclePrice,Sedan,60000 to 69000,29,3,0.10344827586206896,0.03581489135067707,0.26385081090773804,0.08041504539559015
VehicleCategory x VehiclePrice,Sedan,less than 20000,707,68,0.09618104667609619,0.07657933591692834,0.12014731400680437,0.09091864620559176
VehicleCategory x VehiclePrice,Sedan,more than 69000,633,67,0.10584518167456557,0.0842115403568891,0.13223394526829238,0.10152315067661873
VehicleCategory x VehiclePrice,Sport,20000 to 29000,1862,10,0.0053705692803437165,0.002919810252466919,0.009858048610077132,0.007335946136066727
VehicleCategory x VehiclePrice,Sport,30000 to 39000,997,11,0.011033099297893681,0.006171721710927625,0.019648010868039967,0.007922928135694092
VehicleCategory x VehiclePrice,Sport,40000 to 59000,122,2,0.01639344262295082,0.004507246613595466,0.05780495871348255,0.007233273056057866
VehicleCategory x VehiclePrice,Sport,60000 to 69000,34,0,0.0,0.0,0.10151455415332376,0.01287128712871287
VehicleCategory x VehiclePrice,Sport,less than 20000,57,0,0.0,0.0,0.06313883485297894,0.008227848101265823
VehicleCategory x VehiclePrice,Sport,more than 69000,648,30,0.046296296296296294,0.032619145844882125,0.06532101729876869,0.045989055769006866
VehicleCategory x VehiclePrice,Utility,20000 to 29000,1,0,0.0,0.0,0.7934506856227626,0.13114754098360656
VehicleCategory x VehiclePrice,Utility,30000 to 39000,8,1,0.125,0.02241749145005667,0.4708881822128535,0.10646387832699619
VehicleCategory x VehiclePrice,Utility,40000 to 59000,29,2,0.06896551724137931,0.019121266169433354,0.21964580150275695,0.0937062937062937
VehicleCategory x VehiclePrice,Utility,60000 to 69000,2,0,0.0,0.0,0.6576197724933469,0.061224489795918366
VehicleCategory x VehiclePrice,Utility,more than 69000,237,28,0.11814345991561181,0.08301674940300154,0.16545151313665507,0.11252239049014819
age_band x Fault,16-20,Policy Holder,61,11,0.18032786885245902,0.10379140124053363,0.2947415634812107,0.1702873160476524
age_band x Fault,16-20,Third Party,27,0,0.0,0.0,0.12455502974186705,0.02258469259723965
age_band x Fault,21-25,Policy Holder,294,27,0.09183673469387756,0.06388341145968515,0.13031876257517855,0.08645064431377456
age_band x Fault,21-25,Third Party,136,0,0.0,0.0,0.027470099733582408,0.012449334105385061
age_band x Fault,26-30,Policy Holder,1393,119,0.08542713567839195,0.07186474897814865,0.10126975908898206,0.08059733107392501
age_band x Fault,26-30,Third Party,534,2,0.003745318352059925,0.0010277029736001416,0.0135517956725024,0.01159317211948791
age_band x Fault,31-35,Policy Holder,1413,109,0.07714083510261854,0.06434705876805207,0.09222759356132255,0.07891072257465573
age_band x Fault,31-35,Third Party,570,12,0.021052631578947368,0.012083246708193583,0.03643443773710828,0.011590425896714903
age_band x Fault,36-40,Policy Holder,1040,83,0.0798076923076923,0.06484183485478681,0.09786626356906455,0.0798428851990716
age_band x Fault,36-40,Third Party,364,7,0.019230769230769232,0.009345929029777319,0.039157192064549956,0.012518778167250876
age_band x Fault,41-50,Policy Holder,1773,124,0.06993795826283136,0.058972665729361363,0.08276280401133436,0.07305993164957907
age_band x Fault,41-50,Third Party,676,10,0.014792899408284023,0.00805470624346811,0.027014438939368154,0.010537931034482759
age_band x Fault,51-65,Policy Holder,1376,92,0.06686046511627906,0.05483199474462237,0.08130064398710272,0.0668682342142915
age_band x Fault,51-65,Third Party,548,0,0.0,4.336808689942018e-19,0.006961163861996644,0.011167792637529298
age_band x Fault,66+,Policy Holder,267,26,0.09737827715355805,0.06732190570516124,0.13885575654728954,0.09774665042630938
age_band x Fault,66+,Third Party,89,0,0.0,3.469446951953614e-18,0.04137654523625252,0.013162452372705231
age_band x Fault,missing,Policy Holder,198,24,0.12121212121212122,0.08282231509749119,0.1740201548469393,0.11983785153280972
age_band x Fault,missing,Third Party,34,0,0.0,0.0,0.10151455415332376,0.022393822393822392
PastNumberOfClaims x AddressChange_Claim,1,1 year,35,2,0.05714285714285714,0.015813161857108654,0.1860705742016492,0.063257065948856
PastNumberOfClaims x AddressChange_Claim,1,2 to 3 years,41,5,0.12195121951219512,0.053233364685777176,0.25544211520976884,0.19887730553327987
PastNumberOfClaims x AddressChange_Claim,1,4 to 8 years,97,6,0.061855670103092786,0.028654885715718267,0.1284378319616586,0.05380530973451327
PastNumberOfClaims x AddressChange_Claim,1,no change,2364,155,0.0655668358714044,0.0562769195548993,0.07626635425744588,0.0660103496150448
PastNumberOfClaims x AddressChange_Claim,2 to 4,1 year,43,7,0.16279069767441862,0.08116627347062008,0.29972405893747167,0.0353356890459364
PastNumberOfClaims x AddressChange_Claim,2 to 4,2 to 3 years,73,14,0.1917808219178082,0.11782360890987197,0.29655502613133206,0.16240681576144836
PastNumberOfClaims x AddressChange_Claim,2 to 4,4 to 8 years,168,7,0.041666666666666664,0.020327550685063256,0.08349756196898246,0.049113560134163875
PastNumberOfClaims x AddressChange_Claim,2 to 4,no change,3573,177,0.04953820319059614,0.04289447048897583,0.0571495104759162,0.04850730732397885
PastNumberOfClaims x AddressChange_Claim,more than 4,1 year,16,0,0.0,0.0,0.1936076805344365,0.026785714285714284
PastNumberOfClaims x AddressChange_Claim,more than 4,2 to 3 years,34,3,0.08823529411764706,0.030465943674648555,0.22960486562808868,0.09064748201438849
PastNumberOfClaims x AddressChange_Claim,more than 4,4 to 8 years,51,2,0.0392156862745098,0.010821083352867085,0.13216305655362268,0.03357004519044545
PastNumberOfClaims x AddressChange_Claim,more than 4,no change,1317,48,0.03644646924829157,0.027598902816064363,0.04799038017770009,0.036415045840116525
PastNumberOfClaims x AddressChange_Claim,none,1 year,28,0,0.0,1.3877787807814457e-17,0.12064330476584563,0.07876712328767123
PastNumberOfClaims x AddressChange_Claim,none,2 to 3 years,59,22,0.3728813559322034,0.2608399879232115,0.5004640893293619,0.22151898734177214
PastNumberOfClaims x AddressChange_Claim,none,4 to 8 years,131,6,0.04580152671755725,0.02115788476371245,0.096324223181733,0.06558877364246492
PastNumberOfClaims x AddressChange_Claim,none,no change,2761,190,0.06881564650488953,0.05996002680749568,0.07886943757141901,0.07306261166261435
PastNumberOfClaims x AddressChange_Claim,none,under 6 months,2,2,1.0,0.34238022750665303,1.0,0.9090909090909091
claim_lag_bucket x PoliceReportFiled,1 month,No,2169,153,0.07053941908713693,0.060505665766817734,0.08209169565726887,0.06360832026470437
claim_lag_bucket x PoliceReportFiled,1 month,Yes,65,2,0.03076923076923077,0.008478997236440126,0.10542705523577942,0.045454545454545456
claim_lag_bucket x PoliceReportFiled,2+ months,No,536,41,0.07649253731343283,0.056884073149532685,0.10212827652849747,0.061243208918365905
claim_lag_bucket x PoliceReportFiled,2+ months,Yes,16,0,0.0,0.0,0.1936076805344365,0.05623471882640587
claim_lag_bucket x PoliceReportFiled,same month,No,7796,441,0.056567470497691126,0.051654441600182226,0.06191728463265198,0.05934144766732825
claim_lag_bucket x PoliceReportFiled,same month,Yes,211,9,0.04265402843601896,0.02260014097278808,0.07906300607800032,0.04181786763435286
VehicleCategory x BasePolicy,Sedan,All Perils,2867,292,0.10184862225322637,0.09130498254982551,0.11345779075294406,0.10192135079937038
VehicleCategory x BasePolicy,Sedan,Collision,3929,270,0.0687197760244337,0.061223472431164105,0.07705859780102142,0.06888534608741863
VehicleCategory x BasePolicy,Sport,All Perils,15,0,0.0,0.0,0.20388330103584862,0.042328042328042326
VehicleCategory x BasePolicy,Sport,Collision,246,27,0.10975609756097561,0.07653456464444089,0.15497808779410296,0.10699525485994184
VehicleCategory x BasePolicy,Sport,Liability,3459,26,0.007516623301532235,0.005134768109535389,0.010991138746076622,0.0075742883616695756
VehicleCategory x BasePolicy,Utility,All Perils,243,29,0.11934156378600823,0.08439141582973017,0.1661396704640671,0.1175646216132046
VehicleCategory x BasePolicy,Utility,Collision,22,2,0.09090909090909091,0.025295428990995267,0.27814946841605814,0.057034220532319393
VehicleCategory x BasePolicy,Utility,Liability,12,0,0.0,2.7755575615628914e-17,0.24249400665524085,0.045936395759717315
Fault x Deductible,Policy Holder,300,5,0,0.0,0.0,0.43448246478317476,0.03389830508474576
Fault x Deductible,Policy Holder,400,7526,590,0.07839489768801489,0.07253501921312538,0.0846849521893143,0.07771316964838967
Fault x Deductible,Policy Holder,500,132,12,0.09090909090909091,0.0527692105075012,0.15218632414590574,0.09311402286032897
Fault x Deductible,Policy Holder,700,152,13,0.08552631578947369,0.050662196904797105,0.14082381103246616,0.08743570903747244
Fault x Deductible,Third Party,300,2,1,0.5,0.09453120573423074,0.9054687942657693,0.5636363636363636
Fault x Deductible,Third Party,400,2867,0,0.0,0.0,0.001338095076233206,0.004370504298963306
Fault x Deductible,Third Party,500,55,30,0.5454545454545454,0.41522690241861226,0.6697471974798342,0.44461901021209743
Fault x Deductible,Third Party,700,54,0,0.0,0.0,0.0664135880908964,0.0033715441672285905
Fault x AddressChange_Claim,Policy Holder,1 year,92,9,0.09782608695652174,0.052323757089611615,0.1755677951618667,0.06957997454391175
Fault x AddressChange_Claim,Policy Holder,2 to 3 years,151,14,0.09271523178807947,0.05603272810127248,0.14960637568401558,0.09642301710730948
Fault x AddressChange_Claim,Policy Holder,4 to 8 years,327,21,0.06422018348623854,0.04238423614429007,0.09617596421300184,0.07017955639009506
Fault x AddressChange_Claim,Policy Holder,no change,7243,569,0.07855860831147314,0.07258350757571196,0.0849805105291508,0.07809499358151477
Fault x AddressChange_Claim,Policy Holder,under 6 months,2,2,1.0,0.34238022750665303,1.0,0.9354838709677419
Fault x AddressChange_Claim,Third Party,1 year,30,0,0.0,0.0,0.11351339317396876,0.004750593824228029
Fault x AddressChange_Claim,Third Party,2 to 3 years,56,30,0.5357142857142857,0.40704181935661177,0.6598014708777623,0.40390173410404623
Fault x AddressChange_Claim,Third Party,4 to 8 years,120,0,0.0,0.0,0.031019166418703486,0.007866868381240545
Fault x AddressChange_Claim,Third Party,no change,2772,1,0.00036075036075036075,6.368413553035175e-05,0.0020407079586693823,0.00470616791175598
