id,origin,n,support_pct,fraud,rate,lo,hi,lift,recall
RF01_PH_FAULT_ALL_PERILS,real_train,1944,18.01167423329936,306,0.1574074074074074,0.14189587034597065,0.17427024062363086,2.6298732943469787,0.47368421052631576
RF01_PH_FAULT_ALL_PERILS,synthetic,52032,17.991265771575378,8175,0.157114852398524,0.15401333832356867,0.16026699231666014,2.6249979848422833,0.47227036395147315
RF01_PH_FAULT_ALL_PERILS,real_validation,445,19.23908344141807,66,0.14831460674157304,0.11830695995507953,0.18434212949759707,2.467997736642147,0.4748201438848921
RF02_PH_FAULT_COLLISION,real_train,2906,26.92485870471602,284,0.09772883688919477,0.08745753612209849,0.10906226295054623,1.6327977345899058,0.43962848297213625
RF02_PH_FAULT_COLLISION,synthetic,77652,26.849972511038807,7512,0.0967392984082831,0.09468008139724492,0.09883841220879826,1.6162728061677833,0.4339688041594454
RF02_PH_FAULT_COLLISION,real_validation,625,27.021184608733247,64,0.1024,0.08100903256247086,0.12864867522916348,1.7039654676258993,0.460431654676259
RF03_DEDUCTIBLE_500,real_train,187,1.7326044658575002,42,0.22459893048128343,0.17067576320242517,0.28960922604210754,3.752470985579709,0.06501547987616099
RF03_DEDUCTIBLE_500,synthetic,4860,1.6804572503431798,900,0.18518518518518517,0.17451430488812472,0.1963533465542108,3.093983353659841,0.05199306759098787
RF03_DEDUCTIBLE_500,real_validation,28,1.2105490704712494,2,0.07142857142857142,0.019812064115305755,0.22645362568399052,1.1885919835560121,0.014388489208633094
RF04_THIRD_PARTY_DEDUCTIBLE_500,real_train,55,0.5095895487816177,30,0.5454545454545454,0.41522690241861226,0.6697471974798342,9.113143822122149,0.04643962848297214
RF04_THIRD_PARTY_DEDUCTIBLE_500,synthetic,1273,0.44016915219894404,566,0.44461901021209743,0.4175286787799367,0.4720425761116227,7.4284766081115,0.03269786250722126
RF04_THIRD_PARTY_DEDUCTIBLE_500,real_validation,7,0.30263726761781234,2,0.2857142857142857,0.08221892400405678,0.6410655481673808,4.754367934224049,0.014388489208633094
RF05_ADDRESS_CHANGE_2_3Y,real_train,207,1.917909756323543,44,0.21256038647342995,0.16232668107737463,0.27326819354734916,3.551337850166764,0.06811145510835913
RF05_ADDRESS_CHANGE_2_3Y,synthetic,5242,1.8125425733125409,931,0.17760396795116368,0.1674952929281591,0.1881848154905482,2.967320090078116,0.05378393991912189
RF05_ADDRESS_CHANGE_2_3Y,real_validation,33,1.4267185473411155,4,0.12121212121212122,0.04816161309413558,0.2732550517107523,2.017004578155657,0.02877697841726619
RF07_EARLY_POLICY_INCIDENT,real_train,37,0.3428147873621792,7,0.1891891891891892,0.09479978730312018,0.3420469692983842,3.16086519956489,0.010835913312693499
RF07_EARLY_POLICY_INCIDENT,synthetic,899,0.3108500140038104,85,0.09454949944382647,0.07711128976402717,0.11543797469683245,1.5796867178307754,0.004910456383593298
RF07_EARLY_POLICY_INCIDENT,real_validation,20,0.8646779074794639,2,0.1,0.027866481213768224,0.3010336452284873,1.6640287769784172,0.014388489208633094
RF08_MISSING_AGE_ALL_PERILS,real_train,83,0.7690169554340777,19,0.2289156626506024,0.15173364740724513,0.3300806770974395,3.8245924875974486,0.029411764705882353
RF08_MISSING_AGE_ALL_PERILS,synthetic,1701,0.5881600376201129,399,0.2345679012345679,0.21504331872086124,0.25528866122486304,3.919045581302465,0.023050259965337955
RF08_MISSING_AGE_ALL_PERILS,real_validation,13,0.5620406398616515,4,0.3076923076923077,0.12680703655710515,0.5763065681945096,5.1200885445489766,0.02877697841726619
RF09_YOUNG_HOLDER_AT_FAULT,real_train,61,0.5651811359214306,11,0.18032786885245902,0.10379140124053363,0.2947415634812107,3.0128153073136072,0.017027863777089782
RF09_YOUNG_HOLDER_AT_FAULT,synthetic,1427,0.4934182091028225,243,0.1702873160476524,0.15167606810509782,0.1906689595714301,2.845077054430584,0.014038128249566724
RF09_YOUNG_HOLDER_AT_FAULT,real_validation,7,0.30263726761781234,2,0.2857142857142857,0.08221892400405678,0.6410655481673808,4.754367934224049,0.014388489208633094
RF10_SPORT_COLLISION,real_train,246,2.2792550727323264,27,0.10975609756097561,0.07653456464444089,0.15497808779410296,1.8337423544514082,0.04179566563467492
RF10_SPORT_COLLISION,synthetic,6533,2.2589356412534967,699,0.10699525485994184,0.09972934845769475,0.1147230698320398,1.7876243022691622,0.04038128249566725
RF10_SPORT_COLLISION,real_validation,46,1.988759187202767,11,0.2391304347826087,0.13912177777277826,0.3793513855762203,3.979199249296215,0.07913669064748201
RF11_SEDAN_PRICE_EXTREME,real_train,1340,12.415454461224869,135,0.10074626865671642,0.08575441378998222,0.1180207094012663,1.6832112656531584,0.2089783281733746
RF11_SEDAN_PRICE_EXTREME,synthetic,35507,12.277365347311788,3403,0.09584025685076182,0.09282195464311661,0.09894600069293379,1.6012520602563993,0.19659156556903523
RF11_SEDAN_PRICE_EXTREME,real_validation,284,12.278426286208388,29,0.10211267605633803,0.0720418391948281,0.1428037187524626,1.6991843145202148,0.20863309352517986
RF12_UTILITY_ALL_PERILS,real_train,243,2.25145927916242,29,0.11934156378600823,0.08439141582973017,0.1661396704640671,1.9938908636879054,0.04489164086687306
RF12_UTILITY_ALL_PERILS,synthetic,6422,2.2205548275110907,755,0.1175646216132046,0.10991470582746299,0.12567178794490635,1.9642121041530942,0.043616406701328714
RF12_UTILITY_ALL_PERILS,real_validation,60,2.594033722438392,9,0.15,0.08097440580167739,0.2611458906977855,2.4960431654676256,0.06474820143884892
RF13_MAKE_ACCURA,real_train,325,3.0112109700731957,40,0.12307692307692308,0.09170028913514468,0.16325983396298932,2.056299118837819,0.06191950464396285
RF13_MAKE_ACCURA,synthetic,8694,3.0061513033916882,638,0.07338394294916034,0.06808896840377845,0.07905575306303736,1.226062968717378,0.03685730791450029
RF13_MAKE_ACCURA,real_validation,76,3.2857760484219627,8,0.10526315789473684,0.054311261828219104,0.1941994632232051,1.7516092389246496,0.05755395683453238
