column,tvd,chi2,dof,p_value,tvd_syn_vs_val,p_syn_vs_val,tvd_train_vs_val
Age,0.007641744020924084,10.419823343176143,65,0.9999999999999991,0.06022097717297952,0.5653050544874052,0.05949497538656242
DayOfWeek,0.0051531365853059105,1.701584789016831,6,0.9449988541012037,0.010266545896331046,0.9749250289818333,0.014859273129783537
AgeOfPolicyHolder,0.0043849135336160834,7.682245639824655,8,0.4651084014532547,0.014878897397792246,0.6343136524356616,0.015921393704082517
MonthClaimed,0.004326536731847547,1.09372226746882,11,0.9999206941579644,0.029269647794940602,0.4642400103829458,0.029407060323842014
AgeOfVehicle,0.004245074538083489,5.085504228754245,7,0.6495294241449907,0.01662616674071788,0.1402052241755649,0.01735716921773888
Month,0.004146742410352851,0.8077986456845467,11,0.9999831155709493,0.02794043800834691,0.4667972272550035,0.02953784756408666
MaritalStatus,0.004028282527270355,0.8003598975673518,3,0.8493809486979812,0.0016286137095032288,0.9394872718974324,0.005587399144110702
VehiclePrice,0.0036150072688710027,1.1378229236211874,5,0.9507015043088423,0.016671181524506008,0.24862991822571842,0.013791584584154082
DayOfWeekClaimed,0.0033301649469246607,0.5155563006721191,6,0.9976440167683251,0.01961310663372771,0.44872736393360013,0.02174032431790648
RepNumber,0.0022789673182659863,0.3252445290676132,15,0.9999999999251137,0.03327831205850368,0.1882468979665773,0.03328136693616048
AddressChange_Claim,0.0018952770762367182,1.3130851748291978,4,0.8591515592533835,0.0038582402597142633,0.008945769811441712,0.005255443903710307
WeekOfMonth,0.0017266283547021435,0.1587645078116821,4,0.9970111121048107,0.013071646214247785,0.714203558996577,0.013744517200605072
Make,0.001667137633673443,1.3416875152451289,17,0.9999998451550781,0.03312198763782399,0.13059395435030552,0.03266336217582541
WeekOfMonthClaimed,0.0016504544742045948,0.3149718240178735,4,0.9888273071998397,0.011317150467734474,0.8316861616864762,0.012967604941939069
PastNumberOfClaims,0.0013063690756322244,0.11847385146329646,3,0.9895318690740073,0.02332102454359477,0.06365122199771261,0.023845698455737162
Sex,0.0013010439200548396,0.13306961718243113,1,0.7152703466496846,0.003137473025419238,0.6795397479469145,0.0018364291053643983
NumberOfCars,0.001020088942457923,0.3186758198181058,4,0.9885769095879454,0.0014427109641678836,0.7911619491954119,0.0024440990699925746
PolicyType,0.0009506434290302552,0.5924326376313183,8,0.9997465890668307,0.004907940409485418,0.8329004198595715,0.004785491100479109
AccidentArea,0.000910163660782011,0.09227480725317953,1,0.7613048866855296,0.008271340948476792,0.194649381587459,0.009181504609258803
NumberOfSuppliments,0.0008284781705772681,0.053282754590783174,3,0.9967806568939098,0.020619892350774188,0.16638331331927464,0.01979141418019692
Days_Policy_Accident,0.0008226795112131699,0.8379416940454864,4,0.9332902868434962,0.006753168332115714,8.666590813219768e-06,0.006299178155414375
Year,0.0007264941689189286,0.028281144975369304,2,0.9859589358204602,0.010674671763825527,0.4951017474468631,0.011203599521218549
VehicleCategory,0.0006619301014985351,0.18713172413490242,2,0.9106780363127268,0.003531518318773897,0.5548474574220111,0.002869588217275362
Deductible,0.0005718532143476685,0.2277575704446983,3,0.972988567281086,0.004864930302406275,0.2824724326958984,0.005436783516753944
DriverRating,0.0005349830314615722,0.018790134177507828,3,0.9993188122834689,0.010503028982044735,0.6526536428617709,0.01045368591490324
Days_Policy_Claim,0.0004674786272652676,0.7044566565948561,2,0.7031195615544166,0.0023596435132292085,0.06299933766890622,0.0021305301521870835
Fault,0.0003729966812051899,0.007251386606309214,1,0.9321381066467711,0.022195953931249623,0.017302805142487904,0.022568950612454813
BasePolicy,0.0003070483039995797,0.004999645644608044,2,0.9975032991327807,0.003562889042664469,0.9205806779808539,0.003649144260889664
PoliceReportFiled,0.000302995009067341,0.035911884538127624,1,0.8496975752812731,0.0037708372521511307,0.26840171801276563,0.004073832261218472
AgentType,8.129432097360098e-05,0.004439418486453086,1,0.9468770891714782,0.000175389030723885,0.9461807107634173,9.409470975028401e-05
WitnessPresent,4.3704912105668216e-05,0.0037533981312531015,1,0.9511481779824679,0.0015925175694478195,0.2951139132273973,0.0016362224815534877
FraudFound_P,2.857681852298788e-07,1.509988097359067e-08,1,0.9999019546903732,0.0002417915174761573,0.9610580071383619,0.0002415057492909274
