column,mi_real,mi_syn,rank_real,rank_syn
PolicyType,0.016724404667550315,0.0168457876044114,1,1
BasePolicy,0.016564327961580617,0.016533950659921158,2,2
VehicleCategory,0.012078330177914178,0.012176287364133977,3,3
Fault,0.011014312769166605,0.010280205920499712,4,4
AddressChange_Claim,0.0029822449274259913,0.0018061074449732075,5,5
Deductible,0.002532568271907395,0.001673065368972286,6,6
MonthClaimed,0.0013118063517083564,0.0004419072175682519,7,12
Month,0.0012733388406880692,0.000620475109108022,8,10
VehiclePrice,0.0012721043632861074,0.0010477648453374685,9,8
Age,0.0012397397220616814,0.0006173769269480325,10,11
PastNumberOfClaims,0.0012131243737667208,0.0016597114976164185,11,7
Make,0.0011773889033265415,0.00021431948903883886,12,15
AgeOfPolicyHolder,0.0005492882387524048,0.0006318095077591685,13,9
Sex,0.00046920326386677203,0.0003863124875513742,14,13
NumberOfSuppliments,0.0003648249464081693,0.0002049330427245441,15,16
AgeOfVehicle,0.00033968267969467766,0.00027487994373554106,16,14
AgentType,0.000293537486915901,0.00011756738781784947,17,18
AccidentArea,0.0002867849774504992,9.278588835909974e-05,18,19
Days_Policy_Accident,0.0002616800776969858,7.794802952729365e-05,19,20
Year,0.00024048843746888156,0.00016357739639340265,20,17
Days_Policy_Claim,0.00012319505463911337,3.094745517748908e-05,21,27
DayOfWeekClaimed,0.00010353776089520628,9.12025076896661e-06,22,28
PoliceReportFiled,9.222700718181296e-05,7.296547960412865e-05,23,21
DayOfWeek,7.400888062115773e-05,5.751830496851202e-06,24,29
RepNumber,6.169655345980411e-05,-6.053219220166035e-06,25,31
WitnessPresent,-1.2634579512811058e-05,4.5235841579037344e-05,26,25
WeekOfMonth,-2.3155800756304436e-05,5.286554329879819e-05,27,23
DriverRating,-7.152158900135017e-05,5.526254083816682e-05,28,22
MaritalStatus,-8.567568942590442e-05,4.552964387557589e-05,29,24
WeekOfMonthClaimed,-9.511050075109828e-05,4.922102484373352e-06,30,30
NumberOfCars,-0.00011661213207588548,3.669786260738292e-05,31,26
