,gain_share
Age,0.1424295233154022
RepNumber,0.1373999959514324
MonthClaimed,0.07720961848099944
Month,0.07715581266970103
DayOfWeek,0.05722561322310149
WeekOfMonth,0.05336648878271014
DriverRating,0.050676069655510296
Make,0.049006075348281296
WeekOfMonthClaimed,0.046897038825796385
BasePolicy,0.040378565105483856
Year,0.039056672873239856
DayOfWeekClaimed,0.030777666334117517
VehicleCategory,0.02155619558615916
AgeOfVehicle,0.020261243847406463
AgeOfPolicyHolder,0.019680320643137766
MaritalStatus,0.019541245849318357
NumberOfSuppliments,0.019040082867275567
Fault,0.018288725172765394
VehiclePrice,0.017738489755918376
PastNumberOfClaims,0.017604054443711555
Sex,0.014933293802887881
PolicyType,0.009828164101873177
AccidentArea,0.006804490096094282
PoliceReportFiled,0.003330041974079054
FraudFound_P,0.002881267487314698
Deductible,0.0019964503363961205
AgentType,0.001976070771525915
NumberOfCars,0.001087707385615949
AddressChange_Claim,0.0010686290531209679
Days_Policy_Claim,0.00035828627244041634
Days_Policy_Accident,0.00024377060190620495
WitnessPresent,0.00020232938527687045
