condition,order,n,fraud,rate,lo,hi,lift
Fault=Third Party & Deductible=500,2,55,30,0.5454545454545454,0.41522690241861226,0.6697471974798342,9.113143822122149
Fault=Third Party & AddressChange_Claim=2 to 3 years,2,56,30,0.5357142857142857,0.40704181935661177,0.6598014708777623,8.950409111012826
VehicleCategory=Sedan & Deductible=500,2,105,39,0.37142857142857144,0.2850781078699818,0.4668546547689322,6.20561698363556
Deductible=500 & BasePolicy=All Perils,2,52,20,0.38461538461538464,0.26470463780216213,0.5204012628418061,6.425934746368183
VehicleCategory=Sedan & AddressChange_Claim=2 to 3 years,2,116,40,0.3448275862068966,0.26455753913459384,0.43504558357219064,5.761182876054233
PastNumberOfClaims=none & AddressChange_Claim=2 to 3 years,2,59,22,0.3728813559322034,0.2608399879232115,0.5004640893293619,6.229889279529831
AddressChange_Claim=2 to 3 years & BasePolicy=All Perils,2,57,21,0.3684210526315789,0.255235570344157,0.4982220177750478,6.155369072836891
Deductible=500 & PastNumberOfClaims=none,2,52,19,0.36538461538461536,0.24800699873813392,0.501283218679829,6.104638009049774
Deductible=500 & BasePolicy=Collision,2,61,21,0.3442622950819672,0.2374750896034547,0.46950250859431814,5.751738313962341
AddressChange_Claim=2 to 3 years & BasePolicy=Collision,2,68,22,0.3235294117647059,0.22437604095329994,0.44155501899496036,5.405345110180296
WeekOfMonthClaimed=3 & Deductible=500,2,48,16,0.3333333333333333,0.21676780694818568,0.4745989029405201,5.569143446852425
Deductible=500 & AgeOfVehicle=6 years,2,47,15,0.3191489361702128,0.2039537874963744,0.46167343103102854,5.3321586193267905
WeekOfMonth=2 & AddressChange_Claim=2 to 3 years,2,40,13,0.325,0.200845022317827,0.47982253810122333,5.429914860681115
AgeOfVehicle=6 years & AddressChange_Claim=2 to 3 years,2,44,14,0.3181818181818182,0.19999307710853426,0.46556896062182235,5.316000562904588
WeekOfMonthClaimed=3 & AddressChange_Claim=2 to 3 years,2,52,16,0.3076923076923077,0.1991472794928904,0.4426958882470567,5.140747797094547
Deductible=500 & AgeOfVehicle=7 years,2,86,24,0.27906976744186046,0.1952867777055854,0.3817459141183472,4.662538699690402
Sex=Male & Deductible=500,2,156,39,0.25,0.1886118419574106,0.3234046237612968,4.176857585139319
AgeOfVehicle=7 years & AddressChange_Claim=2 to 3 years,2,90,24,0.26666666666666666,0.18623818738233572,0.36619843788101675,4.45531475748194
Make=Pontiac & AddressChange_Claim=2 to 3 years,2,43,13,0.3023255813953488,0.1860200013584818,0.45105364177729607,5.0510835913312695
MaritalStatus=Married & Deductible=500,2,137,34,0.24817518248175183,0.18337592153203014,0.32671151594726916,4.146369573568959
NumberOfSuppliments=none & AddressChange_Claim=2 to 3 years,2,101,26,0.25742574257425743,0.1821524234251967,0.3504752169074069,4.300922661925635
WeekOfMonth=3 & Deductible=500,2,44,13,0.29545454545454547,0.1815552911850489,0.44220200126160236,4.9362862369828315
MaritalStatus=Married & AddressChange_Claim=2 to 3 years,2,140,34,0.24285714285714285,0.1793125871162926,0.320136315930834,4.057518796992481
Deductible=500 & NumberOfSuppliments=none,2,89,23,0.25842696629213485,0.1788154348613038,0.3580294128371103,4.317650537447387
Deductible=500 & age_band=41-50,2,45,13,0.28888888888888886,0.1773008248284927,0.43368540574761577,4.826590987272102
AccidentArea=Urban & Deductible=500,2,171,40,0.23391812865497075,0.17674513617751808,0.3027833428583175,3.9081708398964388
Sex=Male & AddressChange_Claim=2 to 3 years,2,173,40,0.23121387283236994,0.17463968814790526,0.29946553231232614,3.862989674117289
Deductible=500 & AgentType=External,2,184,42,0.22826086956521738,0.1735403467274923,0.2940958150239133,3.8136525777359
AddressChange_Claim=2 to 3 years & age_band=41-50,2,46,13,0.2826086956521739,0.17324202381870632,0.425485612305459,4.721665096244447
Deductible=500 & NumberOfCars=1 vehicle,2,156,36,0.23076923076923078,0.17160376879870487,0.30287550197528773,3.85556084782091
Deductible=500 & PoliceReportFiled=No,2,181,41,0.2265193370165746,0.17159301909484842,0.29281285266341783,3.784556043993637
WeekOfMonth=3 & AddressChange_Claim=2 to 3 years,2,51,14,0.27450980392156865,0.17114275234644882,0.4094665076077909,4.586353426819644
Deductible=500,1,187,42,0.22459893048128343,0.17067576320242517,0.28960922604210754,3.752470985579709
Deductible=500 & Days_Policy_Claim=more than 30,2,187,42,0.22459893048128343,0.17067576320242517,0.28960922604210754,3.752470985579709
Deductible=500 & WitnessPresent=No,2,187,42,0.22459893048128343,0.17067576320242517,0.28960922604210754,3.752470985579709
AddressChange_Claim=2 to 3 years & Year=1994,2,84,21,0.25,0.16972312954861019,0.35214273465871976,4.176857585139319
Deductible=500 & Days_Policy_Accident=more than 30,2,184,41,0.22282608695652173,0.16871447615407004,0.2882744088323637,3.722851325885045
Deductible=500 & Year=1994,2,75,19,0.25333333333333335,0.16860049363552168,0.36210326865599607,4.232549019607844
Deductible=500 & AddressChange_Claim=2 to 3 years,2,180,40,0.2222222222222222,0.16765055931348616,0.2884024950874099,3.712762297901617
DayOfWeekClaimed=Monday & Deductible=500,2,43,12,0.27906976744186046,0.16746613786237488,0.42691028681878873,4.662538699690402
AgentType=External & AddressChange_Claim=2 to 3 years,2,204,44,0.21568627450980393,0.16477849992615978,0.2771037854552482,3.6035634067868636
AddressChange_Claim=2 to 3 years & NumberOfCars=1 vehicle,2,174,38,0.21839080459770116,0.16344812050547586,0.28549926977202433,3.6487491548343476
AccidentArea=Urban & AddressChange_Claim=2 to 3 years,2,191,41,0.21465968586387435,0.16235994111393093,0.2782108662504867,3.586411748496588
AddressChange_Claim=2 to 3 years,1,207,44,0.21256038647342995,0.16232668107737463,0.27326819354734916,3.551337850166764
PoliceReportFiled=No & AddressChange_Claim=2 to 3 years,2,207,44,0.21256038647342995,0.16232668107737463,0.27326819354734916,3.551337850166764
WitnessPresent=No & AddressChange_Claim=2 to 3 years,2,207,44,0.21256038647342995,0.16232668107737463,0.27326819354734916,3.551337850166764
Deductible=500 & claim_lag_bucket=same month,2,135,30,0.2222222222222222,0.16032915622201888,0.2994863726766061,3.712762297901617
Days_Policy_Claim=more than 30 & AddressChange_Claim=2 to 3 years,2,206,43,0.2087378640776699,0.1588245310759656,0.2693151669875237,3.4874733235143824
Days_Policy_Accident=more than 30 & AddressChange_Claim=2 to 3 years,2,203,42,0.20689655172413793,0.1568682949226059,0.2678118408757099,3.45670972563254
Deductible=500 & DriverRating=1,2,46,12,0.2608695652173913,0.156008864456426,0.4025915352801559,4.358460088841029
Deductible=500 & claim_lag_bucket=1 month,2,46,12,0.2608695652173913,0.156008864456426,0.4025915352801559,4.358460088841029
AddressChange_Claim=2 to 3 years & claim_lag_bucket=1 month,2,47,12,0.2553191489361702,0.152531540350547,0.3950817553041745,4.265726895461432
AddressChange_Claim=2 to 3 years & claim_lag_bucket=same month,2,153,32,0.20915032679738563,0.15222725721157238,0.28032073954133035,3.49436451567211
BasePolicy=All Perils & age_band=missing,2,83,19,0.2289156626506024,0.15173364740724513,0.3300806770974395,3.8245924875974486
Deductible=500 & PastNumberOfClaims=2 to 4,2,68,16,0.23529411764705882,0.15034491020295793,0.3485516797194324,3.9311600801311237
DayOfWeekClaimed=Monday & AddressChange_Claim=2 to 3 years,2,43,11,0.2558139534883721,0.14929517123808245,0.40238403498846675,4.273993808049536
Deductible=500 & DriverRating=4,2,48,12,0.25,0.1492063367379791,0.3878437280950796,4.176857585139319
DriverRating=2 & AddressChange_Claim=2 to 3 years,2,54,13,0.24074074074074073,0.14644291495284428,0.36947524183502795,4.022159156060084
VehiclePrice=20000 to 29000 & Deductible=500,2,103,22,0.21359223300970873,0.14549744857392438,0.3022824614793789,3.5685773542937866
Deductible=500 & Year=1995,2,65,15,0.23076923076923078,0.1451383484616103,0.3464470914814666,3.85556084782091
Make=Accura & VehicleCategory=Utility,2,55,13,0.23636363636363636,0.14366655869733186,0.3634836618916773,3.949028989586265
Fault=Policy Holder & BasePolicy=All Perils,2,1944,306,0.1574074074074074,0.14189587034597065,0.17427024062363086,2.6298732943469787
Deductible=500 & DriverRating=2,2,52,12,0.23076923076923078,0.13724260925492748,0.3613378255809984,3.85556084782091
Deductible=500 & NumberOfSuppliments=more than 5,2,47,11,0.23404255319148937,0.13603274586227188,0.37224257550155593,3.9102496541729796
DriverRating=4 & AddressChange_Claim=2 to 3 years,2,59,13,0.22033898305084745,0.13354197627929038,0.3413269936763709,3.681298210631264
Year=1994 & age_band=missing,2,112,22,0.19642857142857142,0.13344971267029,0.2795411051917831,3.281816674038036
DriverRating=1 & AddressChange_Claim=2 to 3 years,2,48,11,0.22916666666666666,0.13307826266911232,0.3653926409000346,3.828786119711042
PastNumberOfClaims=none & age_band=missing,2,77,16,0.2077922077922078,0.13215077794236726,0.31120414592399037,3.4716738369989146
AgeOfVehicle=new & BasePolicy=All Perils,2,102,20,0.19607843137254902,0.13067067683868222,0.28354752564250124,3.275966733442603
VehiclePrice=20000 to 29000 & AddressChange_Claim=2 to 3 years,2,115,22,0.19130434782608696,0.12986594771740817,0.27269944735129814,3.196204065150088
AgeOfVehicle=new & Year=1994,2,125,23,0.184,0.12585414090214397,0.2609891879215184,3.0741671826625385
Make=Accura & VehiclePrice=more than 69000,2,113,21,0.18584070796460178,0.12488706689643479,0.26745191349102176,3.104920682758432
VehicleCategory=Sedan & age_band=missing,2,120,22,0.18333333333333332,0.12430300356014223,0.2620091351717033,3.063028895768834
Make=Accura & DayOfWeekClaimed=Wednesday,2,76,15,0.19736842105263158,0.12341987279754299,0.3004383497418823,3.29751914616262
AddressChange_Claim=2 to 3 years & Year=1995,2,71,14,0.19718309859154928,0.12125532301202226,0.30419681705088314,3.294422884053547
PastNumberOfClaims=none & AgeOfVehicle=new,2,91,17,0.18681318681318682,0.12003755149503506,0.27895946195492294,3.121168305378832
WeekOfMonthClaimed=4 & Deductible=500,2,41,9,0.21951219512195122,0.12003174778217568,0.3670500598822617,3.6674847089028164
MonthClaimed=Aug & BasePolicy=All Perils,2,243,39,0.16049382716049382,0.11968256305828032,0.2118721895821334,2.6814394373733896
DayOfWeek=Monday & BasePolicy=All Perils,2,481,71,0.14760914760914762,0.11870436502866422,0.18209800277097105,2.4661695513088704
PastNumberOfClaims=2 to 4 & AddressChange_Claim=2 to 3 years,2,73,14,0.1917808219178082,0.11782360890987197,0.29655502613133206,3.204164722846601
Year=1994 & BasePolicy=All Perils,2,1267,168,0.13259668508287292,0.11502849028706678,0.15238602980268354,2.215349879410909
WeekOfMonth=1 & AgeOfVehicle=new,2,56,11,0.19642857142857142,0.11338595674323658,0.31844607626458404,3.281816674038036
MonthClaimed=Mar & VehiclePrice=more than 69000,2,146,24,0.1643835616438356,0.11302482647674397,0.23295057464858507,2.746426905297086
Make=Accura & age_band=51-65,2,63,12,0.19047619047619047,0.11246191872292466,0.3040678714987455,3.1823676839156714
NumberOfSuppliments=more than 5 & AddressChange_Claim=2 to 3 years,2,50,10,0.2,0.1124375001577611,0.3303710593222542,3.3414860681114553
Make=Accura & Fault=Policy Holder,2,271,40,0.14760147601476015,0.11030396618059302,0.1947499335492584,2.466041378680041
WeekOfMonth=1 & age_band=missing,2,51,10,0.19607843137254902,0.11015342512466689,0.3245807948136561,3.275966733442603
Fault=Policy Holder & VehicleCategory=Sedan,2,4483,534,0.11911666294891814,0.10995901090909496,0.12892650993175359,1.9901333486186896
Month=Mar & VehiclePrice=more than 69000,2,151,24,0.15894039735099338,0.10919505608725422,0.2256084210662797,2.655485617042216
Make=Accura & NumberOfSuppliments=none,2,152,24,0.15789473684210525,0.10846006761932553,0.22419505004317747,2.638015316930096
Month=May & BasePolicy=All Perils,2,254,37,0.14566929133858267,0.10756643233664746,0.1943301640319992,2.4337595377977133
VehicleCategory=Sedan & AgeOfVehicle=new,2,146,23,0.15753424657534246,0.10732642924119823,0.22530153109077017,2.6319924509097077
Make=Accura & BasePolicy=All Perils,2,172,26,0.1511627906976744,0.10529324127606499,0.21227383986169884,2.5255417956656347
VehiclePrice=more than 69000 & BasePolicy=All Perils,2,570,74,0.12982456140350876,0.10469111614808985,0.15991412714113612,2.1690348161425232
MaritalStatus=Single & BasePolicy=All Perils,2,820,103,0.12560975609756098,0.10465793664180964,0.15005303544385876,2.0986162500943895
Month=Aug & BasePolicy=All Perils,2,221,32,0.14479638009049775,0.10447011249525733,0.1972600896504071,2.4191754339268456
VehicleCategory=Utility & PastNumberOfClaims=none,2,75,13,0.17333333333333334,0.1041914626835726,0.2743081144051939,2.8959545923632612
Make=Toyota & Deductible=500,2,47,9,0.19148936170212766,0.10415932698542259,0.32544004579661767,3.199295171596074
Fault=Policy Holder & age_band=16-20,2,61,11,0.18032786885245902,0.10379140124053363,0.2947415634812107,3.0128153073136072
VehicleCategory=Utility & NumberOfSuppliments=none,2,113,18,0.1592920353982301,0.10320048744704044,0.23778685748020115,2.6613605852215128
MonthClaimed=Sep & AgeOfVehicle=5 years,2,76,13,0.17105263157894737,0.10278019055272239,0.27097874699013114,2.857849926674271
AgeOfVehicle=6 years & BasePolicy=All Perils,2,591,75,0.12690355329949238,0.10245520977532538,0.15617077625747947,2.120232276720466
BasePolicy=All Perils & age_band=31-35,2,472,61,0.1292372881355932,0.10194097879713539,0.162519917764031,2.1592229889279526
WeekOfMonthClaimed=4 & AddressChange_Claim=2 to 3 years,2,48,9,0.1875,0.10191390954847647,0.31939867149284695,3.1326431888544892
MonthClaimed=May & VehiclePrice=less than 20000,2,63,11,0.1746031746031746,0.1003939657946789,0.2862142752075897,2.917170376922699
BasePolicy=All Perils & claim_lag_bucket=1 month,2,751,91,0.12117177097203728,0.09974050801523482,0.1464588185440647,2.024468922757273
Make=Accura & DriverRating=4,2,71,12,0.16901408450704225,0.09941454752428264,0.2725912799863349,2.8237910434744693
Make=Accura & NumberOfCars=1 vehicle,2,301,40,0.132890365448505,0.09913058597937698,0.1759024070558951,2.220256523662097
Make=Accura & claim_lag_bucket=same month,2,216,30,0.1388888888888889,0.09905065490151627,0.19134706699844684,2.3204764361885104
Month=May & VehiclePrice=less than 20000,2,64,11,0.171875,0.09877742301244645,0.282132116226582,2.871589589783282
MonthClaimed=May & BasePolicy=All Perils,2,268,36,0.13432835820895522,0.0986308128513271,0.18036069620586545,2.2442816875375446
Make=Accura & Sex=Male,2,303,40,0.132013201320132,0.09846568579621734,0.17477463558319484,2.205601365090069
Make=Accura & MaritalStatus=Married,2,260,35,0.1346153846153846,0.09840911104687114,0.18146145649299586,2.249077161228864
VehiclePrice=more than 69000 & PastNumberOfClaims=none,2,480,60,0.125,0.09835895466857081,0.15759566964688765,2.0884287925696596
WeekOfMonth=4 & age_band=missing,2,57,10,0.17543859649122806,0.0981885223970996,0.29367352829693927,2.931128129922329
DayOfWeekClaimed=Tuesday & age_band=missing,2,57,10,0.17543859649122806,0.0981885223970996,0.29367352829693927,2.931128129922329
NumberOfSuppliments=none & BasePolicy=All Perils,2,1460,165,0.11301369863013698,0.09777844050603722,0.13028004001387156,1.8881684973917467
AccidentArea=Rural & BasePolicy=All Perils,2,351,45,0.1282051282051282,0.09721312782186045,0.16724711628990044,2.141978248789394
Make=Accura & Year=1995,2,112,17,0.15178571428571427,0.0969796964750848,0.22968624166082252,2.5359492481203008
Month=Mar & Fault=Policy Holder,2,682,81,0.1187683284457478,0.09659761253692817,0.1452096691428042,1.9843135741717586
DayOfWeekClaimed=Wednesday & VehicleCategory=Utility,2,58,10,0.1724137931034483,0.09644292662938801,0.2890825650932622,2.8805914380271167
Make=Accura & PastNumberOfClaims=none,2,97,15,0.15463917525773196,0.09601122102239842,0.2395795093821221,2.583623248539785
MonthClaimed=Aug & Year=1994,2,321,41,0.1277258566978193,0.09556460876637102,0.1686918661686121,2.133970853466817
DayOfWeekClaimed=Friday & AddressChange_Claim=2 to 3 years,2,44,8,0.18181818181818182,0.09512805715627728,0.3196055088718468,3.0377146073740504
VehiclePrice=30000 to 39000 & Deductible=500,2,44,8,0.18181818181818182,0.09512805715627728,0.3196055088718468,3.0377146073740504
DayOfWeek=Monday & VehiclePrice=less than 20000,2,106,16,0.1509433962264151,0.09509858578170281,0.2312031513356268,2.521876277819966
DayOfWeekClaimed=Wednesday & BasePolicy=All Perils,2,627,74,0.11802232854864433,0.0950644279921784,0.14563227432118755,1.9718498328568395
PoliceReportFiled=No & BasePolicy=All Perils,2,3030,319,0.10528052805280529,0.09484772384017393,0.11671292213708453,1.7589670886593305
Sex=Male & BasePolicy=All Perils,2,2747,290,0.10556971241354204,0.09462424277610447,0.11761679966877393,1.7637986162219184
Fault=Policy Holder & VehiclePrice=less than 20000,2,537,64,0.1191806331471136,0.09444577387637139,0.14932521791884834,1.991202126248912
Make=Accura & AgentType=External,2,317,40,0.12618296529968454,0.09405005329056279,0.1672673560270088,2.108193102909435
BasePolicy=All Perils & age_band=26-30,2,465,56,0.12043010752688173,0.09391607447867843,0.15316416264897942,2.012077632411199
AddressChange_Claim=2 to 3 years & Year=1996,2,52,9,0.17307692307692307,0.09382474391310205,0.29730864124480794,2.8916706358656823
Make=Accura & PoliceReportFiled=No,2,318,40,0.12578616352201258,0.09374976477562474,0.16675570002033335,2.1015635648499718
Deductible=500 & age_band=36-40,2,45,8,0.17777777777777778,0.09294389514104148,0.3132982462645977,2.9702098383212934
DriverRating=4 & age_band=missing,2,45,8,0.17777777777777778,0.09294389514104148,0.3132982462645977,2.9702098383212934
WitnessPresent=No & BasePolicy=All Perils,2,3103,320,0.10312600708991299,0.09291151445002901,0.11432193062736665,1.722970579754537
Month=Aug & Year=1994,2,321,40,0.12461059190031153,0.09286030123454236,0.16523932411830677,2.0819227838700654
WeekOfMonth=2 & Make=Accura,2,84,13,0.15476190476190477,0.09273310465265512,0.2469864221098481,2.5856737431814834
MonthClaimed=Mar & AgeOfVehicle=5 years,2,76,12,0.15789473684210525,0.09269497050182374,0.2560143245427439,2.638015316930096
Make=Accura & Days_Policy_Claim=more than 30,2,322,40,0.12422360248447205,0.09256755408312131,0.16473996941047706,2.0754571851623944
Make=Accura & WitnessPresent=No,2,322,40,0.12422360248447205,0.09256755408312131,0.16473996941047706,2.0754571851623944
BasePolicy=All Perils,1,3125,321,0.10272,0.0925588850648107,0.11385664199871816,1.7161872445820434
AgentType=External & BasePolicy=All Perils,2,3125,321,0.10272,0.0925588850648107,0.11385664199871816,1.7161872445820434
VehiclePrice=less than 20000 & AgeOfVehicle=6 years,2,161,22,0.13664596273291926,0.0920008609741951,0.19822624064793717,2.283002903678634
Make=Accura & Year=1994,2,135,19,0.14074074074074075,0.09198858446777546,0.20937283290777953,2.3514161220043577
NumberOfCars=1 vehicle & BasePolicy=All Perils,2,2909,298,0.10244070127191475,0.09194074859161488,0.11398925731524576,1.7115208805383528
Make=Accura & AddressChange_Claim=no change,2,306,38,0.12418300653594772,0.09182687429630101,0.1658580046885302,2.0747789311803153
Days_Policy_Claim=more than 30 & BasePolicy=All Perils,2,3109,317,0.10196204567385012,0.09181183663815218,0.11309466671532784,1.7035237754765702
Make=Accura,1,325,40,0.12307692307692308,0.09170028913514468,0.16325983396298932,2.056299118837819
MonthClaimed=Apr & BasePolicy=All Perils,2,288,36,0.125,0.09167316756974814,0.16819895316033195,2.0884287925696596
DriverRating=1 & BasePolicy=All Perils,2,797,89,0.11166875784190715,0.09163846910187448,0.13542452422575724,1.8656979928602226
Fault=Policy Holder & PastNumberOfClaims=none,2,1978,206,0.10414560161779575,0.09144317641268941,0.11838261816330199,1.7400053843047516
Make=Accura & Days_Policy_Accident=more than 30,2,317,39,0.12302839116719243,0.09131793566025007,0.1637658652971323,2.0554882753366996
VehicleCategory=Sedan & BasePolicy=All Perils,2,2867,292,0.10184862225322637,0.09130498254982551,0.11345779075294406,1.7016287615775112
Days_Policy_Accident=more than 30 & BasePolicy=All Perils,2,3086,313,0.10142579390797149,0.0912651505202424,0.11257749552318502,1.694564386453152
WeekOfMonth=2 & WeekOfMonthClaimed=1,2,102,15,0.14705882352941177,0.0911911461088684,0.228546121288635,2.4569750500819523
Month=May & NumberOfSuppliments=3 to 5,2,119,17,0.14285714285714285,0.09114539833236042,0.2169058018404535,2.3867757629367534
DayOfWeek=Tuesday & Make=Accura,2,46,8,0.17391304347826086,0.09085791702246311,0.30723353716378493,2.9056400592273524
WeekOfMonthClaimed=1 & BasePolicy=All Perils,2,686,77,0.11224489795918367,0.09074930150415825,0.1380590091626566,1.8753238137360206
Month=Mar & BasePolicy=Collision,2,357,43,0.12044817927170869,0.09066352346531534,0.1583141275904002,2.0123795648290277
Month=Mar & BasePolicy=All Perils,2,304,37,0.12171052631578948,0.08960420063927876,0.1632579678252808,2.0334701401336157
NumberOfSuppliments=1 to 2 & BasePolicy=All Perils,2,537,61,0.11359404096834265,0.0894552996296312,0.14322186808434484,1.8978645265809941
Month=Mar & VehicleCategory=Sedan,2,618,69,0.11165048543689321,0.08918039899809412,0.13891867160696447,1.865392707926298
Fault=Policy Holder & VehicleCategory=Utility,2,249,31,0.12449799196787148,0.08911078181272111,0.1712953206033643,2.080041528342472
AccidentArea=Urban & BasePolicy=All Perils,2,2774,276,0.09949531362653208,0.0889042833896094,0.11119405449633724,1.6623110216271837
VehiclePrice=30000 to 39000 & AddressChange_Claim=2 to 3 years,2,47,8,0.1702127659574468,0.0888636387649026,0.3013977597262439,2.843817930307621
Deductible=500 & Year=1996,2,47,8,0.1702127659574468,0.0888636387649026,0.3013977597262439,2.843817930307621
BasePolicy=All Perils & age_band=36-40,2,384,45,0.1171875,0.0887446211689821,0.15321367567230185,1.9579019930340558
Fault=Policy Holder & VehiclePrice=more than 69000,2,1142,120,0.10507880910683012,0.08859787894731314,0.12420770331155978,1.7555968834210798
DriverRating=4 & BasePolicy=All Perils,2,788,85,0.10786802030456853,0.08808001413639875,0.13146072458622363,1.8021974352123966
Month=Mar & Year=1995,2,340,40,0.11764705882352941,0.08759692363903882,0.1562406261091887,1.9655800400655619
Fault=Policy Holder & BasePolicy=Collision,2,2906,284,0.09772883688919477,0.08745753612209849,0.10906226295054623,1.6327977345899058
WeekOfMonth=3 & BasePolicy=All Perils,2,763,82,0.10747051114023591,0.08742831236662495,0.13144542860039737,1.795556078539576
Make=Accura & Deductible=400,2,312,37,0.11858974358974358,0.08727271466610328,0.15918466655086158,1.9813298801301897
AgeOfVehicle=7 years & BasePolicy=All Perils,2,1086,113,0.10405156537753223,0.08726628966034519,0.12362810875004668,1.7384342803710608
AddressChange_Claim=no change & BasePolicy=All Perils,2,2915,284,0.09742710120068611,0.08718607441955942,0.10872777252563798,1.6277565065928872
WeekOfMonth=1 & AddressChange_Claim=2 to 3 years,2,48,8,0.16666666666666666,0.08695513576485567,0.295778284012556,2.7845717234262124
PastNumberOfClaims=1 & BasePolicy=All Perils,2,871,92,0.10562571756601608,0.0869169023609813,0.1277979547445663,1.7647343184055906
Deductible=400 & BasePolicy=All Perils,2,3014,292,0.09688122096881222,0.08682849642522997,0.10796021823786889,1.6186362506445668
Make=Accura & BasePolicy=Collision,2,81,12,0.14814814814814814,0.08682708209959752,0.241331570612102,2.4751748652677446
AccidentArea=Rural & Year=1994,2,453,51,0.11258278145695365,0.08667350957746817,0.14500743088252604,1.8809689787382364
WeekOfMonthClaimed=4 & BasePolicy=All Perils,2,689,74,0.10740203193033382,0.08642124666156528,0.13273633533294754,1.7944119669103606
DayOfWeekClaimed=Tuesday & BasePolicy=All Perils,2,710,76,0.10704225352112676,0.08637868509980093,0.1319351392025209,1.788400994200497
AgeOfVehicle=5 years & BasePolicy=All Perils,2,238,29,0.12184873949579832,0.08619345615511552,0.16951728559386042,2.0357793272107605
Make=Accura & VehicleCategory=Sedan,2,200,25,0.125,0.08611974475712644,0.17801425002582347,2.0884287925696596
MonthClaimed=Mar & BasePolicy=Collision,2,346,40,0.11560693641618497,0.0860566380143063,0.153598945127044,1.9314948370586444
MonthClaimed=Mar & Year=1995,2,337,39,0.11572700296735905,0.085821762764931,0.15429415242879058,1.9335008405986165
DayOfWeekClaimed=Tuesday & AgeOfVehicle=new,2,65,10,0.15384615384615385,0.08577094066988503,0.26055319639978514,2.5703738985472735
Month=Sep & AgeOfVehicle=5 years,2,82,12,0.14634146341463414,0.08574162210230579,0.23859418489800904,2.444989805935211
PastNumberOfClaims=2 to 4 & BasePolicy=All Perils,2,820,86,0.1048780487804878,0.08571717258462504,0.12772372303673182,1.7522426942535678
WeekOfMonth=1 & BasePolicy=All Perils,2,624,67,0.10737179487179487,0.0854391702557186,0.13410902441050906,1.7939067833611175
Make=Saab & Fault=Policy Holder,2,57,9,0.15789473684210525,0.0853579597035527,0.2736317694063802,2.638015316930096
Make=Saab & VehicleCategory=Sedan,2,57,9,0.15789473684210525,0.0853579597035527,0.2736317694063802,2.638015316930096
WeekOfMonthClaimed=2 & AddressChange_Claim=2 to 3 years,2,41,7,0.17073170731707318,0.08525251977594998,0.3126261240040417,2.852488106924413
Make=Accura & PastNumberOfClaims=2 to 4,2,118,16,0.13559322033898305,0.08521666421762861,0.20894805744283337,2.265414283465393
MaritalStatus=Single & Deductible=500,2,49,8,0.16326530612244897,0.08512698370728837,0.2903633843391683,2.7277437290705753
BasePolicy=All Perils & claim_lag_bucket=2+ months,2,212,26,0.12264150943396226,0.08508414870000189,0.17363101717127435,2.0490244757287224
Month=May & VehicleCategory=Sedan,2,596,64,0.10738255033557047,0.08499376548726469,0.13480007650541503,1.794086479522929
WeekOfMonth=2 & BasePolicy=All Perils,2,732,77,0.1051912568306011,0.0849895383232589,0.1295151717995722,1.7574755959329376
AccidentArea=Rural & Fault=Policy Holder,2,842,87,0.10332541567695962,0.08453520402594061,0.12571868807890818,1.7263021848319275
VehicleCategory=Utility & Year=1995,2,92,13,0.14130434782608695,0.08447693378382896,0.22688580200803005,2.3608325481222234
MaritalStatus=Single & AddressChange_Claim=2 to 3 years,2,66,10,0.15151515151515152,0.08443636982671272,0.25692904869787664,2.5314288394783753
Make=Accura & AgeOfVehicle=more than 7,2,110,15,0.13636363636363635,0.08441156444990071,0.21285675213058225,2.2782859555305373
VehicleCategory=Utility & BasePolicy=All Perils,2,243,29,0.11934156378600823,0.08439141582973017,0.1661396704640671,1.9938908636879054
VehiclePrice=less than 20000 & BasePolicy=All Perils,2,528,57,0.10795454545454546,0.08426098853481515,0.13731154377960036,1.8036430481283423
VehicleCategory=Sedan & VehiclePrice=more than 69000,2,633,67,0.10584518167456557,0.0842115403568891,0.13223394526829238,1.7684009997114336
PastNumberOfClaims=none & BasePolicy=All Perils,2,1257,125,0.09944311853619729,0.08410036412469346,0.11722666001846901,1.6614389757912962
MonthClaimed=May & VehicleCategory=Sedan,2,634,67,0.1056782334384858,0.08407731189194312,0.13202883316101305,1.765611723686652
VehicleCategory=Utility & NumberOfCars=1 vehicle,2,264,31,0.11742424242424243,0.08396922683646157,0.16185327992031182,1.9618573505957408
WeekOfMonth=3 & VehicleCategory=Utility,2,75,11,0.14666666666666667,0.08391717009472589,0.24384767859312362,2.450423116615067
VehicleCategory=Utility & DriverRating=2,2,58,9,0.15517241379310345,0.0838449195301804,0.2693398085989251,2.592532294224405
WeekOfMonthClaimed=2 & BasePolicy=All Perils,2,765,79,0.10326797385620914,0.0836489023985346,0.1268515290804578,1.7253424796131043
VehicleCategory=Utility & age_band=36-40,2,50,8,0.16,0.08337420678033404,0.2851421606303499,2.673188854489164
VehiclePrice=less than 20000 & DriverRating=3,2,187,23,0.12299465240641712,0.0833727192998519,0.17779411063683853,2.054924587341269
VehiclePrice=more than 69000 & NumberOfSuppliments=none,2,780,80,0.10256410256410256,0.08318376957601437,0.12583995196481482,1.7135825990315154
WeekOfMonthClaimed=1 & VehiclePrice=less than 20000,2,149,19,0.12751677852348994,0.08317652226022967,0.19058073668991163,2.1304776944334782
AddressChange_Claim=2 to 3 years & age_band=36-40,2,42,7,0.16666666666666666,0.08315916646398075,0.3060400274464885,2.7845717234262124
VehiclePrice=20000 to 29000 & BasePolicy=All Perils,2,1450,141,0.09724137931034482,0.08303840921807139,0.1135727529457582,1.6246535710472936
VehicleCategory=Utility & VehiclePrice=more than 69000,2,237,28,0.11814345991561181,0.08301674940300154,0.16545151313665507,1.9738736267325052
Month=May & age_band=36-40,2,140,18,0.12857142857142856,0.08289789018597554,0.1940838586598741,2.148098186643078
DayOfWeekClaimed=Wednesday & VehiclePrice=more than 69000,2,308,35,0.11363636363636363,0.08285116549876906,0.15394050133072795,1.8985716296087813
Fault=Policy Holder & age_band=missing,2,198,24,0.12121212121212122,0.08282231509749119,0.1740201548469393,2.0251430715827
Sex=Male & age_band=16-20,2,76,11,0.14473684210526316,0.08278516269157667,0.24087448985470516,2.4181807071859214
WeekOfMonth=3 & Make=Accura,2,85,12,0.1411764705882353,0.08264232932726706,0.23074130023340517,2.358696048078674
Make=Saab & claim_lag_bucket=same month,2,59,9,0.15254237288135594,0.0823846399859648,0.26517983783773563,2.548591068898568
MonthClaimed=Aug & Fault=Policy Holder,2,572,60,0.1048951048951049,0.08236531374530962,0.13269641361679746,1.7525276581004134
MonthClaimed=Mar & Fault=Policy Holder,2,691,71,0.10274963820549927,0.08226301008898859,0.12762869537749388,1.7166824228358417
Make=Accura & AccidentArea=Urban,2,290,33,0.11379310344827587,0.08218348194722327,0.1555006729742655,1.901190349097897
Month=Mar & DayOfWeek=Wednesday,2,161,20,0.12422360248447205,0.08187321375356468,0.18408814775308488,2.0754571851623944
VehicleCategory=Utility & AddressChange_Claim=no change,2,261,30,0.11494252873563218,0.08171051769668516,0.159344863530152,1.9203942920180777
WeekOfMonthClaimed=4 & age_band=missing,2,51,8,0.1568627450980392,0.08169223220048706,0.2801044677298776,2.6207733867540823
Make=Accura & WeekOfMonthClaimed=3,2,77,11,0.14285714285714285,0.0816833163991473,0.23797270165973414,2.3867757629367534
MonthClaimed=Aug & VehicleCategory=Sedan,2,502,53,0.10557768924302789,0.08162677195686194,0.13551924663318343,1.7639318885448918
Make=Pontiac & BasePolicy=All Perils,2,841,84,0.09988109393579073,0.08140008323585089,0.12200075253819591,1.6687564192708813
Month=Mar & DayOfWeekClaimed=Wednesday,2,172,21,0.12209302325581395,0.08125946043473074,0.17943821079784672,2.039860681114551
Month=Apr & BasePolicy=All Perils,2,283,32,0.11307420494699646,0.08124330466858026,0.15526873616266554,1.8891794024658404
PastNumberOfClaims=2 to 4 & AddressChange_Claim=1 year,2,43,7,0.16279069767441862,0.08116627347062008,0.29972405893747167,2.7198142414860684
VehicleCategory=Utility & PoliceReportFiled=No,2,273,31,0.11355311355311355,0.08115968195271206,0.1566712379578011,1.8971807346420348
WeekOfMonth=1 & Make=Accura,2,60,9,0.15,0.08097440580167739,0.2611458906977855,2.5061145510835914
VehicleCategory=Utility & WitnessPresent=No,2,274,31,0.11313868613138686,0.08085907804007264,0.15611584679713508,1.8902567173623195
VehicleCategory=Utility & Deductible=400,2,264,30,0.11363636363636363,0.08076798237188462,0.15758742049139146,1.8985716296087813
PastNumberOfClaims=none & claim_lag_bucket=2+ months,2,134,17,0.12686567164179105,0.08073860616724902,0.19379025579088482,2.1195993715632366
WeekOfMonth=4 & AgeOfVehicle=new,2,69,10,0.14492753623188406,0.08067095280675704,0.24663521605213476,2.421366716022794
VehiclePrice=40000 to 59000 & BasePolicy=All Perils,2,78,11,0.14102564102564102,0.08061044056387122,0.23513978179360162,2.3561760736683337
MonthClaimed=Jun & BasePolicy=All Perils,2,244,28,0.11475409836065574,0.08059801470043099,0.16085254448138706,1.9172461046541136
AccidentArea=Rural & VehicleCategory=Sedan,2,805,80,0.09937888198757763,0.08057652822079969,0.1219866033224053,1.6603657481299154
VehicleCategory=Utility & AgentType=External,2,275,31,0.11272727272727273,0.08056069367724956,0.15556437574089865,1.8833830565719112
AccidentArea=Urban & VehicleCategory=Utility,2,234,27,0.11538461538461539,0.08052145396991284,0.16267188628074603,1.927780423910455
MonthClaimed=Apr & Fault=Policy Holder,2,640,65,0.1015625,0.08048604524439446,0.12739348315044932,1.6968483939628483
DayOfWeekClaimed=Friday & VehicleCategory=Sedan,2,1109,107,0.09648331830477908,0.0804733484278544,0.11527911666411488,1.611988319602911
Sex=Male & VehicleCategory=Utility,2,276,31,0.11231884057971014,0.08026450436093926,0.15501678347311765,1.876559204917665
VehicleCategory=Utility & Days_Policy_Claim=more than 30,2,276,31,0.11231884057971014,0.08026450436093926,0.15501678347311765,1.876559204917665
DayOfWeek=Tuesday & BasePolicy=All Perils,2,478,50,0.10460251046025104,0.08024764449548097,0.13526195294523297,1.747639156962058
DayOfWeek=Monday & VehicleCategory=Utility,2,52,8,0.15384615384615385,0.08007685016780322,0.2752408517641015,2.5703738985472735
VehicleCategory=Utility,1,277,31,0.11191335740072202,0.07997048594736693,0.15447302925574707,1.8697846229504531
VehicleCategory=Utility & Year=1994,2,116,15,0.12931034482758622,0.07995391352718764,0.20243132405013073,2.1604435785203373
Make=Accura & AgeOfVehicle=7 years,2,155,19,0.12258064516129032,0.0798966680980981,0.18351981731662131,2.048007590132827
VehicleCategory=Sedan & VehiclePrice=40000 to 59000,2,165,20,0.12121212121212122,0.07985230358350204,0.17980820353905713,2.0251430715827
Month=Aug & VehicleCategory=Sedan,2,503,52,0.10337972166998012,0.07971049416061242,0.1330610874531271,1.7272094984273922
Month=May & Year=1996,2,278,31,0.11151079136690648,0.07967861464571341,0.15393307291861358,1.8630587789830055
DriverRating=3 & BasePolicy=All Perils,2,782,77,0.09846547314578005,0.07950486292813069,0.1213517564942723,1.6451050335331332
Month=Aug & DayOfWeek=Sunday,2,70,10,0.14285714285714285,0.07948941717066599,0.2433841988366675,2.3867757629367534
Make=Accura & WeekOfMonthClaimed=4,2,70,10,0.14285714285714285,0.07948941717066599,0.2433841988366675,2.3867757629367534
WeekOfMonth=1 & VehiclePrice=more than 69000,2,321,35,0.10903426791277258,0.07944968621039322,0.14786569123178578,1.8216824358863073
MonthClaimed=Apr & claim_lag_bucket=2+ months,2,44,7,0.1590909090909091,0.0792667701220125,0.29366205062240613,2.658000281452294
Fault=Policy Holder & AgeOfVehicle=5 years,2,674,67,0.09940652818991098,0.07903811240706439,0.1243154255434029,1.660827645129581
MonthClaimed=Apr & Year=1994,2,377,40,0.10610079575596817,0.0788898430471921,0.14125808696104777,1.7726716541705334
Month=Aug & WeekOfMonthClaimed=3,2,157,19,0.12101910828025478,0.07886015167665458,0.18128085380464318,2.021918321468715
AccidentArea=Rural & VehiclePrice=less than 20000,2,89,12,0.1348314606741573,0.07884271200737804,0.22103903451348056,2.252687236929071
Month=Mar & PastNumberOfClaims=1,2,239,27,0.11297071129707113,0.07881082014730306,0.15937527501778279,1.8874502895190228
Make=Mazda & BasePolicy=All Perils,2,324,35,0.10802469135802469,0.07870403605851638,0.14653123188567652,1.804815005924397
AccidentArea=Urban & age_band=missing,2,198,23,0.11616161616161616,0.07866337119567524,0.16827033168134764,1.9407621102667543
Make=Honda & BasePolicy=All Perils,2,455,47,0.10329670329670329,0.07857319885440334,0.1346626736671522,1.7258224747388833
DayOfWeek=Tuesday & claim_lag_bucket=2+ months,2,80,11,0.1375,0.07854714324339108,0.22967100066986607,2.2972716718266257
DayOfWeek=Wednesday & VehiclePrice=40000 to 59000,2,53,8,0.1509433962264151,0.07852417850846262,0.27054249276195336,2.521876277819966
DayOfWeekClaimed=Saturday & claim_lag_bucket=same month,2,62,9,0.14516129032258066,0.07829411405317006,0.25343393711554596,2.4252721462099274
WeekOfMonthClaimed=2 & VehicleCategory=Utility,2,62,9,0.14516129032258066,0.07829411405317006,0.25343393711554596,2.4252721462099274
age_band=16-20 & claim_lag_bucket=same month,2,62,9,0.14516129032258066,0.07829411405317006,0.25343393711554596,2.4252721462099274
Sex=Male & VehiclePrice=less than 20000,2,579,58,0.1001727115716753,0.07829187760320987,0.12732400130694543,1.6736286006085008
MonthClaimed=Mar & VehicleCategory=Sedan,2,602,60,0.09966777408637874,0.07821823749313533,0.12619408361436824,1.6651923927465724
DayOfWeek=Sunday & VehicleCategory=Sedan,2,807,78,0.09665427509293681,0.07813716141030669,0.11899318643003576,1.6148445682323018
Month=Feb & BasePolicy=All Perils,2,252,28,0.1111111111111111,0.07800084087216042,0.15589971260550667,1.8563811489508084
VehicleCategory=Sedan & NumberOfCars=3 to 4,2,169,20,0.11834319526627218,0.07792880924121504,0.17572247974828198,1.97721069119021
MonthClaimed=May & NumberOfSuppliments=3 to 5,2,129,16,0.12403100775193798,0.0778065076054032,0.1919997647652727,2.0722394220846234
MonthClaimed=Aug & PastNumberOfClaims=1,2,191,22,0.11518324607329843,0.07730682185939503,0.16823362476968184,1.9244160601689009
DayOfWeekClaimed=Thursday & VehicleCategory=Utility,2,72,10,0.1388888888888889,0.07722730770298981,0.23713187250556306,2.3204764361885104
AgeOfVehicle=6 years & claim_lag_bucket=1 month,2,508,51,0.10039370078740158,0.07718550809779208,0.12960012248507946,1.677320762536262
DayOfWeekClaimed=Friday & BasePolicy=All Perils,2,520,52,0.1,0.07707606627582478,0.12879053134604695,1.6707430340557277
WeekOfMonthClaimed=4 & AgeOfVehicle=new,2,63,9,0.14285714285714285,0.07701948334720692,0.24974565921625858,2.3867757629367534
Month=May & Fault=Policy Holder,2,703,68,0.09672830725462304,0.0770192279985468,0.12082069363537648,1.6160814554166354
DayOfWeek=Sunday & BasePolicy=All Perils,2,353,37,0.1048158640226629,0.07700470366479371,0.14113547286611755,1.7512037467439638
VehiclePrice=more than 69000 & Year=1994,2,669,65,0.09715994020926756,0.0769629999412295,0.12195675606679258,1.6232929329390478
MonthClaimed=May & Fault=Policy Holder,2,727,70,0.09628610729023383,0.0769168870157046,0.11989934047746562,1.6086934303150058
Month=Mar & NumberOfSuppliments=none,2,455,46,0.1010989010989011,0.07665381558285762,0.13222325290834647,1.6891028476167795
Make=Ford & BasePolicy=All Perils,2,121,15,0.12396694214876033,0.07658390628925364,0.1944915772910813,2.071169050482307
VehicleCategory=Sedan & VehiclePrice=less than 20000,2,707,68,0.09618104667609619,0.07657933591692834,0.12014731400680437,1.606938137422765
DayOfWeekClaimed=Wednesday & MonthClaimed=Aug,2,172,20,0.11627906976744186,0.07654595332052509,0.1727778359310151,1.9427244582043344
VehicleCategory=Sport & BasePolicy=Collision,2,246,27,0.10975609756097561,0.07653456464444089,0.15497808779410296,1.8337423544514082
DayOfWeek=Saturday & AccidentArea=Rural,2,152,18,0.11842105263157894,0.07623380996058976,0.17941997512450975,1.978511487697572
Month=Mar & MonthClaimed=Apr,2,194,22,0.1134020618556701,0.07609164089324852,0.1657255146507437,1.8946570489291756
Month=Mar & claim_lag_bucket=1 month,2,194,22,0.1134020618556701,0.07609164089324852,0.1657255146507437,1.8946570489291756
MonthClaimed=Apr & claim_lag_bucket=1 month,2,194,22,0.1134020618556701,0.07609164089324852,0.1657255146507437,1.8946570489291756
MaritalStatus=Married & VehicleCategory=Utility,2,226,25,0.11061946902654868,0.07605823159870015,0.15819654165653482,1.848167073070495
Fault=Policy Holder & AgeOfVehicle=new,2,226,25,0.11061946902654868,0.07605823159870015,0.15819654165653482,1.848167073070495
DayOfWeekClaimed=Saturday & VehicleCategory=Sedan,2,64,9,0.140625,0.0757857255603086,0.24616281741577023,2.349482391640867
DriverRating=3 & AddressChange_Claim=2 to 3 years,2,46,7,0.15217391304347827,0.07572282227805464,0.28224139552060995,2.5424350518239334
WeekOfMonth=3 & MonthClaimed=Aug,2,174,20,0.11494252873563218,0.07565100987242948,0.1708688911192543,1.9203942920180777
Make=Honda & VehiclePrice=more than 69000,2,530,52,0.09811320754716982,0.07560621746098933,0.12640405551205033,1.6392195805829781
DayOfWeek=Wednesday & MonthClaimed=Mar,2,143,17,0.11888111888111888,0.07556270475062815,0.18214012062719487,1.986198012513802
VehicleCategory=Utility & Days_Policy_Accident=more than 30,2,271,29,0.1070110701107011,0.07554702590674583,0.14946072614800995,1.7878799995430295
MaritalStatus=Single & VehiclePrice=less than 20000,2,217,24,0.11059907834101383,0.07545672627133151,0.15928841215299538,1.8478263971123254
DayOfWeek=Sunday & Make=Mazda,2,196,22,0.11224489795918367,0.07530253387333503,0.16409453169562394,1.8753238137360206
VehiclePrice=more than 69000 & AgeOfVehicle=5 years,2,113,14,0.12389380530973451,0.07525459876163175,0.19726389888532325,2.0699471218389545
MonthClaimed=May & Year=1996,2,284,30,0.1056338028169014,0.07500062321720853,0.14679320412877872,1.7648694021715432
Month=May & WeekOfMonth=2,2,251,27,0.10756972111553785,0.07498757617897894,0.15198278840911286,1.7972136222910218
VehicleCategory=Sedan & PastNumberOfClaims=more than 4,2,431,43,0.09976798143851508,0.07491469352305245,0.13169269636186656,1.6668666001020018
PoliceReportFiled=No & age_band=16-20,2,84,11,0.13095238095238096,0.07472221316943048,0.21946072923186608,2.1878777826920244
AccidentArea=Rural & AgeOfVehicle=5 years,2,114,14,0.12280701754385964,0.07458120778594021,0.19562470394792278,2.0517896909456304
Month=Oct & Year=1995,2,331,34,0.1027190332326284,0.07444138541077555,0.14011226954497133,1.716171092383527
DriverRating=4 & AgeOfVehicle=new,2,56,8,0.14285714285714285,0.07420788536920624,0.25735921228705333,2.3867757629367534
Month=May & Year=1994,2,401,40,0.09975062344139651,0.07411176086563467,0.13298525697667044,1.666576592574292
DayOfWeek=Tuesday & VehicleCategory=Utility,2,47,7,0.14893617021276595,0.07406719996431721,0.2768562242359355,2.4883406890191684
MaritalStatus=Single & VehiclePrice=40000 to 59000,2,47,7,0.14893617021276595,0.07406719996431721,0.2768562242359355,2.4883406890191684
Month=Mar & Year=1994,2,414,41,0.09903381642512077,0.07384286712649268,0.13159739498385664,1.6546005892822422
Days_Policy_Accident=more than 30 & age_band=16-20,2,85,11,0.12941176470588237,0.07382352798125273,0.21704808943386777,2.162138044072118
DayOfWeekClaimed=Monday & VehiclePrice=less than 20000,2,190,21,0.11052631578947368,0.07343579369027001,0.1630536503099326,1.8466107218510672
DayOfWeek=Monday & Make=Accura,2,66,9,0.13636363636363635,0.07343320265668933,0.2392959297167952,2.2782859555305373
VehiclePrice=less than 20000 & PastNumberOfClaims=1,2,223,24,0.10762331838565023,0.07339560642157353,0.1551404781645867,1.7981090949478684
MonthClaimed=May & Year=1994,2,418,41,0.09808612440191387,0.07312801319247425,0.13036421599873355,1.6387670908202112
Month=Mar & age_band=51-65,2,180,20,0.1111111111111111,0.07308754224863465,0.16538673391261993,1.8563811489508084
MonthClaimed=Feb & BasePolicy=All Perils,2,269,28,0.10408921933085502,0.07300218841295684,0.14632466564854674,1.739063381173248
MonthClaimed=Jan & BasePolicy=All Perils,2,326,33,0.10122699386503067,0.07299029121304913,0.1387522200843581,1.6912429485840186
age_band=missing & claim_lag_bucket=same month,2,148,17,0.11486486486486487,0.07296423932435536,0.17625266832785694,1.9190967283072546
MaritalStatus=Single & age_band=16-20,2,86,11,0.12790697674418605,0.07294621791742709,0.21468778936498575,2.136996904024768
WitnessPresent=No & age_band=16-20,2,86,11,0.12790697674418605,0.07294621791742709,0.21468778936498575,2.136996904024768
Deductible=700 & BasePolicy=All Perils,2,57,8,0.14035087719298245,0.07287276143238601,0.2532446460934409,2.3449025039378633
VehiclePrice=more than 69000 & age_band=36-40,2,181,20,0.11049723756906077,0.072677100950579,0.16450701943240625,1.846124899509091
Fault=Policy Holder & AgeOfVehicle=4 years,2,117,14,0.11965811965811966,0.07263149376675573,0.19086630848951155,1.9991796988701014
WeekOfMonthClaimed=1 & AddressChange_Claim=2 to 3 years,2,48,7,0.14583333333333334,0.07248249326603709,0.27167176524746284,2.436500257997936
PastNumberOfClaims=none & AgeOfVehicle=4 years,2,48,7,0.14583333333333334,0.07248249326603709,0.27167176524746284,2.436500257997936
VehicleCategory=Utility & claim_lag_bucket=1 month,2,67,9,0.13432835820895522,0.07231091664295486,0.23600372261337027,2.2442816875375446
MonthClaimed=Jan & VehiclePrice=less than 20000,2,77,10,0.12987012987012986,0.07209829006235102,0.2228179468350352,2.1697961481243215
AgentType=External & age_band=16-20,2,87,11,0.12643678160919541,0.07208952879445547,0.21237814880747352,2.112433721219886
VehiclePrice=less than 20000 & age_band=31-35,2,118,14,0.11864406779661017,0.07200405969676064,0.18933111413395537,1.9822374980322193
MonthClaimed=Apr & WeekOfMonthClaimed=1,2,239,25,0.10460251046025104,0.07186077766558435,0.14985366550307092,1.747639156962058
Month=Sep & Year=1995,2,308,31,0.10064935064935066,0.07181570511812727,0.13932190009219322,1.6815920147963492
WeekOfMonth=1 & VehiclePrice=less than 20000,2,151,17,0.11258278145695365,0.07148925066793947,0.17289916512782239,1.8809689787382364
MonthClaimed=Mar & BasePolicy=All Perils,2,298,30,0.10067114093959731,0.07143037974895584,0.1400762140441072,1.6819560745527458
age_band=16-20,1,88,11,0.125,0.07125274152192247,0.21011755847674674,2.0884287925696596
Deductible=400 & age_band=16-20,2,88,11,0.125,0.07125274152192247,0.21011755847674674,2.0884287925696596
Days_Policy_Claim=more than 30 & age_band=16-20,2,88,11,0.125,0.07125274152192247,0.21011755847674674,2.0884287925696596
Month=Jan & AgeOfVehicle=5 years,2,78,10,0.1282051282051282,0.07115322631234479,0.22015950398646633,2.141978248789394
WitnessPresent=No & age_band=missing,2,230,24,0.10434782608695652,0.07112894049971785,0.15056595946430146,1.7433840355364112
MonthClaimed=Jun & Year=1994,2,370,36,0.0972972972972973,0.07110979213663252,0.1317608553831495,1.6255878169190863
VehicleCategory=Utility & AgeOfVehicle=7 years,2,109,13,0.11926605504587157,0.07103973893221358,0.19341500254815328,1.9926293066719687
Month=Mar & WeekOfMonthClaimed=1,2,231,24,0.1038961038961039,0.07081651413302234,0.14993436640156016,1.7358369184994573
Deductible=400 & age_band=missing,2,231,24,0.1038961038961039,0.07081651413302234,0.14993436640156016,1.7358369184994573
AgentType=External & age_band=missing,2,231,24,0.1038961038961039,0.07081651413302234,0.14993436640156016,1.7358369184994573
Month=Feb & VehiclePrice=more than 69000,2,131,15,0.11450381679389313,0.07063031762598299,0.18034189163863878,1.9130645428119017
age_band=missing,1,232,24,0.10344827586206896,0.0705068214322776,0.14930804521552507,1.72835486281627
Make=Honda & age_band=missing,2,232,24,0.10344827586206896,0.0705068214322776,0.14930804521552507,1.72835486281627
Sex=Male & age_band=missing,2,232,24,0.10344827586206896,0.0705068214322776,0.14930804521552507,1.72835486281627
MaritalStatus=Single & age_band=missing,2,232,24,0.10344827586206896,0.0705068214322776,0.14930804521552507,1.72835486281627
VehiclePrice=more than 69000 & age_band=missing,2,232,24,0.10344827586206896,0.0705068214322776,0.14930804521552507,1.72835486281627
Days_Policy_Accident=more than 30 & age_band=missing,2,232,24,0.10344827586206896,0.0705068214322776,0.14930804521552507,1.72835486281627
Days_Policy_Claim=more than 30 & age_band=missing,2,232,24,0.10344827586206896,0.0705068214322776,0.14930804521552507,1.72835486281627
AgeOfVehicle=new & age_band=missing,2,232,24,0.10344827586206896,0.0705068214322776,0.14930804521552507,1.72835486281627
NumberOfSuppliments=none & age_band=missing,2,232,24,0.10344827586206896,0.0705068214322776,0.14930804521552507,1.72835486281627
MaritalStatus=Single & AgeOfVehicle=new,2,244,25,0.10245901639344263,0.07036721627266043,0.14687431820219435,1.7118268791554587
VehicleCategory=Sedan & claim_lag_bucket=2+ months,2,362,35,0.09668508287292818,0.07034219808111107,0.13149785323162225,1.615359287070455
WeekOfMonth=1 & VehicleCategory=Utility,2,59,8,0.13559322033898305,0.0703417467253372,0.24539660806537295,2.265414283465393
Month=Feb & AccidentArea=Rural,2,79,10,0.12658227848101267,0.07023263469675514,0.2175635866650352,2.1148646000705416
AccidentArea=Urban & AgeOfVehicle=new,2,233,24,0.10300429184549356,0.0701998266608615,0.14868693023900126,1.7209370307870155
VehiclePrice=less than 20000 & NumberOfSuppliments=none,2,375,36,0.096,0.07015039694035279,0.1300427367699414,1.6039133126934986
VehiclePrice=less than 20000 & Year=1994,2,280,28,0.1,0.07009568556501064,0.14073136933149294,1.6707430340557277
DayOfWeek=Monday & MonthClaimed=Apr,2,132,15,0.11363636363636363,0.07008550377598652,0.17903916784112006,1.8985716296087813
Make=Pontiac & VehiclePrice=less than 20000,2,304,30,0.09868421052631579,0.0700022825373387,0.13738193096419404,1.64875957308131
WeekOfMonth=2 & claim_lag_bucket=1 month,2,188,20,0.10638297872340426,0.0699282599974975,0.15860137635014326,1.7773862064422634
Make=Honda & MonthClaimed=Mar,2,177,19,0.10734463276836158,0.06980488203787266,0.1615660607401343,1.7934529744101029
MonthClaimed=Apr & PastNumberOfClaims=none,2,246,25,0.1016260162601626,0.06978703852176148,0.1457154608425854,1.6979095874550076
Month=Aug & DayOfWeekClaimed=Wednesday,2,155,17,0.10967741935483871,0.06961297225441504,0.16862117078132044,1.8324278438030561
Month=Jun & BasePolicy=All Perils,2,259,26,0.10038610038610038,0.06942999592185806,0.14302301309445623,1.677193779360962
AccidentArea=Rural & age_band=31-35,2,178,19,0.10674157303370786,0.06940641985636496,0.16069214563057466,1.783377395902181
DayOfWeekClaimed=Saturday & Sex=Male,2,80,10,0.125,0.06933557616004862,0.21502802099159665,2.0884287925696596
Month=Jan & BasePolicy=All Perils,2,307,30,0.09771986970684039,0.06930944273807146,0.1360732596302135,1.632647916015369
WeekOfMonthClaimed=1 & VehicleCategory=Utility,2,60,8,0.13333333333333333,0.06914109480586972,0.24165159676499615,2.22765737874097
BasePolicy=Collision & age_band=16-20,2,60,8,0.13333333333333333,0.06914109480586972,0.24165159676499615,2.22765737874097
WeekOfMonth=1 & VehiclePrice=40000 to 59000,2,70,9,0.12857142857142856,0.06914100115337508,0.22664755949425175,2.148098186643078
Make=Saab & Deductible=400,2,70,9,0.12857142857142856,0.06914100115337508,0.22664755949425175,2.148098186643078
AgeOfVehicle=more than 7 & NumberOfCars=3 to 4,2,70,9,0.12857142857142856,0.06914100115337508,0.22664755949425175,2.148098186643078
MonthClaimed=Oct & Year=1995,2,333,32,0.0960960960960961,0.06889326568738652,0.13251145170759182,1.6055188315250235
NumberOfCars=1 vehicle & age_band=missing,2,214,22,0.102803738317757,0.06887447239670305,0.15074147710936667,1.717586296692804
AccidentArea=Rural & DriverRating=2,2,273,27,0.0989010989010989,0.06886334030280082,0.1400701737275422,1.6523832204946756
WeekOfMonth=1 & Deductible=500,2,41,6,0.14634146341463414,0.0688424814129593,0.28443458042480957,2.444989805935211
Make=Saturn & Fault=Policy Holder,2,41,6,0.14634146341463414,0.0688424814129593,0.28443458042480957,2.444989805935211
DayOfWeekClaimed=Tuesday & AddressChange_Claim=2 to 3 years,2,41,6,0.14634146341463414,0.0688424814129593,0.28443458042480957,2.444989805935211
DayOfWeekClaimed=Wednesday & AgeOfVehicle=4 years,2,41,6,0.14634146341463414,0.0688424814129593,0.28443458042480957,2.444989805935211
Deductible=500 & DriverRating=3,2,41,6,0.14634146341463414,0.0688424814129593,0.28443458042480957,2.444989805935211
Month=May & WeekOfMonthClaimed=4,2,203,21,0.10344827586206896,0.06866173908637362,0.15296432699370066,1.72835486281627
MonthClaimed=Aug & WeekOfMonthClaimed=3,2,146,16,0.1095890410958904,0.06859008773127459,0.17060578704716942,1.8309512701980575
MonthClaimed=Sep & BasePolicy=All Perils,2,227,23,0.1013215859030837,0.06846830365031198,0.14744377330207128,1.6928233384705609
Make=Accura & DriverRating=2,2,81,10,0.12345679012345678,0.06846115911871758,0.2125507323797679,2.0626457210564535
AddressChange_Claim=no change & age_band=16-20,2,81,10,0.12345679012345678,0.06846115911871758,0.2125507323797679,2.0626457210564535
PoliceReportFiled=No & age_band=missing,2,228,23,0.10087719298245613,0.06816369139839884,0.1468170936355732,1.685398674705339
Make=Accura & DayOfWeekClaimed=Monday,2,71,9,0.1267605633802817,0.06814527589564845,0.22369108278653732,2.1178432826058518
MonthClaimed=Mar & PastNumberOfClaims=1,2,240,24,0.1,0.06812353039342264,0.14447960555982445,1.6707430340557277
Month=Aug & age_band=31-35,2,147,16,0.10884353741496598,0.06811550299651811,0.16949462820288258,1.8184958193803837
DayOfWeekClaimed=Friday & NumberOfCars=3 to 4,2,51,7,0.13725490196078433,0.06811101735056879,0.2572169225758168,2.293176713409822
DayOfWeekClaimed=Friday & age_band=66+,2,51,7,0.13725490196078433,0.06811101735056879,0.2572169225758168,2.293176713409822
AccidentArea=Rural & MonthClaimed=Mar,2,92,11,0.11956521739130435,0.06809134808816239,0.20153579593350626,1.9976275407188047
Month=Feb & Make=Honda,2,170,18,0.10588235294117647,0.06803125056212436,0.16115147196546284,1.7690220360590057
AgeOfVehicle=new & claim_lag_bucket=same month,2,170,18,0.10588235294117647,0.06803125056212436,0.16115147196546284,1.7690220360590057
Month=Feb & Year=1995,2,301,29,0.09634551495016612,0.0679209902337211,0.1349433414747454,1.60968597965502
DayOfWeekClaimed=Wednesday & WeekOfMonthClaimed=5,2,171,18,0.10526315789473684,0.06762702346747514,0.16024489598129188,1.7586768779533974
BasePolicy=All Perils & age_band=66+,2,171,18,0.10526315789473684,0.06762702346747514,0.16024489598129188,1.7586768779533974
NumberOfCars=1 vehicle & age_band=16-20,2,82,10,0.12195121951219512,0.06760853649677892,0.2101297399518335,2.037491504946009
Fault=Policy Holder & age_band=66+,2,267,26,0.09737827715355805,0.06732190570516124,0.13885575654728954,1.6269407822265511
Fault=Policy Holder & VehiclePrice=40000 to 59000,2,243,24,0.09876543209876543,0.06727082994479484,0.14274842317569414,1.6501165768451629
MonthClaimed=Jul & claim_lag_bucket=2+ months,2,42,6,0.14285714285714285,0.06715967015962647,0.27841089474444775,2.3867757629367534
Make=Ford & Fault=Policy Holder,2,220,22,0.1,0.06696900171185538,0.14676021124425312,1.6707430340557277
Month=Mar & Make=Honda,2,173,18,0.10404624277456648,0.06683281701767077,0.15846197011191743,1.7383453533527802
Make=Toyota & AddressChange_Claim=2 to 3 years,2,52,7,0.1346153846153846,0.0667688170539614,0.2527332016519379,2.249077161228864
DayOfWeekClaimed=Thursday & VehiclePrice=40000 to 59000,2,52,7,0.1346153846153846,0.0667688170539614,0.2527332016519379,2.249077161228864
VehicleCategory=Utility & PastNumberOfClaims=1,2,52,7,0.1346153846153846,0.0667688170539614,0.2527332016519379,2.249077161228864
Month=Mar & DayOfWeek=Saturday,2,116,13,0.11206896551724138,0.0666734962046622,0.18233431056229887,1.8723844347176257
MonthClaimed=Aug & VehiclePrice=more than 69000,2,116,13,0.11206896551724138,0.0666734962046622,0.18233431056229887,1.8723844347176257
Month=Mar & WeekOfMonth=4,2,209,21,0.10047846889952153,0.06666166378596627,0.14871676424535418,1.6787370198646066
AccidentArea=Rural & MonthClaimed=Jan,2,94,11,0.11702127659574468,0.06661362828276755,0.19750200462139433,1.9551248270864898
VehiclePrice=less than 20000 & age_band=41-50,2,162,17,0.10493827160493827,0.06655616380546947,0.16162235735435626,1.7532488628979856
VehiclePrice=less than 20000 & claim_lag_bucket=1 month,2,162,17,0.10493827160493827,0.06655616380546947,0.16162235735435626,1.7532488628979856
Month=Mar & DriverRating=4,2,234,23,0.09829059829059829,0.06639147631001649,0.14316601239622717,1.6421833240718688
Make=Saab & Days_Policy_Accident=more than 30,2,73,9,0.1232876712328767,0.06623751038902924,0.21800304355022015,2.0598201789728146
AccidentArea=Rural & claim_lag_bucket=2+ months,2,73,9,0.1232876712328767,0.06623751038902924,0.21800304355022015,2.0598201789728146
Month=Aug & PastNumberOfClaims=1,2,187,19,0.10160427807486631,0.06601504103570477,0.1532321764151241,1.6975463982384398
DriverRating=4 & age_band=21-25,2,106,12,0.11320754716981132,0.06595682056427885,0.18751267191708645,1.8914072083649747
Make=Saab & AccidentArea=Urban,2,63,8,0.12698412698412698,0.06577324856136738,0.23107034478269664,2.121578455943781
Make=Saab & VehiclePrice=30000 to 39000,2,63,8,0.12698412698412698,0.06577324856136738,0.23107034478269664,2.121578455943781
NumberOfSuppliments=3 to 5 & claim_lag_bucket=2+ months,2,63,8,0.12698412698412698,0.06577324856136738,0.23107034478269664,2.121578455943781
WeekOfMonth=4 & Deductible=500,2,43,6,0.13953488372093023,0.06555723427964878,0.2726358796738286,2.331269349845201
WeekOfMonth=3 & AgeOfVehicle=4 years,2,43,6,0.13953488372093023,0.06555723427964878,0.2726358796738286,2.331269349845201
Make=Accura & age_band=26-30,2,43,6,0.13953488372093023,0.06555723427964878,0.2726358796738286,2.331269349845201
WeekOfMonth=3 & Deductible=700,2,53,7,0.1320754716981132,0.06547853284463252,0.24840255308904924,2.2066417430924705
DayOfWeek=Wednesday & Make=Accura,2,53,7,0.1320754716981132,0.06547853284463252,0.24840255308904924,2.2066417430924705
DayOfWeek=Monday & Make=Ford,2,53,7,0.1320754716981132,0.06547853284463252,0.24840255308904924,2.2066417430924705
AddressChange_Claim=no change & age_band=missing,2,213,21,0.09859154929577464,0.06539180465703949,0.14601361140133684,1.6472114420267736
Make=Saab,1,74,9,0.12162162162162163,0.06532315657822622,0.21526586566768757,2.031984771148858
Make=Saab & Days_Policy_Claim=more than 30,2,74,9,0.12162162162162163,0.06532315657822622,0.21526586566768757,2.031984771148858
Make=Saab & PoliceReportFiled=No,2,74,9,0.12162162162162163,0.06532315657822622,0.21526586566768757,2.031984771148858
Make=Saab & WitnessPresent=No,2,74,9,0.12162162162162163,0.06532315657822622,0.21526586566768757,2.031984771148858
Make=Saab & AgentType=External,2,74,9,0.12162162162162163,0.06532315657822622,0.21526586566768757,2.031984771148858
Month=Aug & WeekOfMonth=3,2,177,18,0.1016949152542373,0.06529910438131872,0.15501242750140778,1.6990607125990451
VehicleCategory=Utility & claim_lag_bucket=same month,2,177,18,0.1016949152542373,0.06529910438131872,0.15501242750140778,1.6990607125990451
PastNumberOfClaims=more than 4 & BasePolicy=All Perils,2,177,18,0.1016949152542373,0.06529910438131872,0.15501242750140778,1.6990607125990451
Month=Aug & PastNumberOfClaims=none,2,226,22,0.09734513274336283,0.06516616161238672,0.14298366073109486,1.6263870243020357
MonthClaimed=May & PastNumberOfClaims=1,2,214,21,0.09813084112149532,0.06508186611387787,0.14535309456285148,1.6395141922976766
Month=Mar & AgeOfVehicle=6 years,2,239,23,0.09623430962343096,0.06498355562157129,0.14025923555065342,1.6078280244050935
Make=Ford & Year=1994,2,131,14,0.10687022900763359,0.0647347020109284,0.1714052737737849,1.7855269066244417
DayOfWeekClaimed=Saturday & Fault=Policy Holder,2,64,8,0.125,0.06472242663330453,0.22774561821129946,2.0884287925696596
WeekOfMonthClaimed=1 & AgeOfVehicle=5 years,2,228,22,0.09649122807017543,0.06458660082241033,0.14176759943171524,1.612120471457281
VehicleCategory=Utility & DriverRating=1,2,75,9,0.12,0.06443371823944515,0.2125964020474873,2.004891640866873
DayOfWeek=Saturday & MonthClaimed=May,2,120,13,0.10833333333333334,0.06441141154173441,0.17655360215291668,1.8099716202270382
Month=Oct & VehiclePrice=less than 20000,2,54,7,0.12962962962962962,0.06423720747326257,0.2442173022236977,2.1657780071092763
DayOfWeek=Friday & VehicleCategory=Utility,2,54,7,0.12962962962962962,0.06423720747326257,0.2442173022236977,2.1657780071092763
Month=Feb & WeekOfMonthClaimed=3,2,205,20,0.0975609756097561,0.06404565807613663,0.1458813318436918,1.6299932039568075
Make=Saturn & AccidentArea=Urban,2,44,6,0.13636363636363635,0.06402954497555872,0.2670945304851544,2.2782859555305373
Make=Saturn & Sex=Male,2,44,6,0.13636363636363635,0.06402954497555872,0.2670945304851544,2.2782859555305373
Make=Saturn & AgentType=External,2,44,6,0.13636363636363635,0.06402954497555872,0.2670945304851544,2.2782859555305373
DayOfWeek=Monday & DayOfWeekClaimed=Friday,2,181,18,0.09944751381215469,0.06383423171486922,0.15170972187047022,1.6615124095581821
MonthClaimed=Apr & PastNumberOfClaims=1,2,206,20,0.0970873786407767,0.06373030383895514,0.14519627848220515,1.622080615588085
AgeOfVehicle=5 years & claim_lag_bucket=1 month,2,206,20,0.0970873786407767,0.06373030383895514,0.14519627848220515,1.622080615588085
DayOfWeekClaimed=Friday & claim_lag_bucket=2+ months,2,87,10,0.11494252873563218,0.06364547795653458,0.19880582049468454,1.9203942920180777
WeekOfMonth=5 & AccidentArea=Rural,2,110,12,0.10909090909090909,0.06351460897644062,0.18104883134757863,1.82262876442443
DayOfWeek=Friday & VehiclePrice=less than 20000,2,134,14,0.1044776119402985,0.06326094687218671,0.16773964680343512,1.7455524236403124
NumberOfCars=3 to 4 & BasePolicy=Collision,2,99,11,0.1111111111111111,0.06318563453857474,0.1880890859586244,1.8563811489508084
MonthClaimed=May & WeekOfMonthClaimed=4,2,208,20,0.09615384615384616,0.06310882435572487,0.1438452773803391,1.6064836865920458
WeekOfMonthClaimed=4 & NumberOfCars=3 to 4,2,55,7,0.12727272727272726,0.06304210427364634,0.24017027655909076,2.126400225161835
AgeOfVehicle=6 years & claim_lag_bucket=2+ months,2,88,10,0.11363636363636363,0.06290800375101355,0.1966856386718577,1.8985716296087813
NumberOfSuppliments=more than 5 & age_band=66+,2,88,10,0.11363636363636363,0.06290800375101355,0.1966856386718577,1.8985716296087813
DayOfWeekClaimed=Friday & MonthClaimed=Apr,2,159,16,0.10062893081761007,0.06289366475055358,0.15720666522843177,1.6812508518799776
Make=Saab & Sex=Male,2,66,8,0.12121212121212122,0.06271845599597657,0.22137439022640315,2.0251430715827
NumberOfSuppliments=more than 5 & NumberOfCars=3 to 4,2,66,8,0.12121212121212122,0.06271845599597657,0.22137439022640315,2.0251430715827
Month=Mar & Make=Toyota,2,172,17,0.09883720930232558,0.06262766603881043,0.15257447726961798,1.651315789473684
Make=Saturn & Deductible=400,2,45,6,0.13333333333333333,0.06257148747568075,0.2617730182617707,2.22765737874097
Make=Saturn & AddressChange_Claim=no change,2,45,6,0.13333333333333333,0.06257148747568075,0.2617730182617707,2.22765737874097
Make=Accura & DriverRating=1,2,100,11,0.11,0.06254196357064568,0.18631296503080313,1.8378173374613003
DayOfWeek=Sunday & AccidentArea=Rural,2,160,16,0.1,0.06249443583333063,0.15626252030387355,1.6707430340557277
WeekOfMonth=3 & WeekOfMonthClaimed=2,2,112,12,0.10714285714285714,0.06236012372515781,0.17798093468458379,1.7900818222025652
Month=Feb & DayOfWeekClaimed=Thursday,2,136,14,0.10294117647058823,0.062315181435862704,0.1653816624702174,1.7198825350573665
WeekOfMonth=3 & claim_lag_bucket=2+ months,2,136,14,0.10294117647058823,0.062315181435862704,0.1653816624702174,1.7198825350573665
MonthClaimed=Aug & age_band=31-35,2,149,15,0.10067114093959731,0.06196100959588723,0.1594544301794895,1.6819560745527458
NumberOfCars=3 to 4 & Year=1994,2,101,11,0.10891089108910891,0.06191128093458513,0.18457001674451023,1.8196211261993072
NumberOfCars=3 to 4 & BasePolicy=All Perils,2,78,9,0.11538461538461539,0.061905106255333214,0.20497013198481626,1.927780423910455
Make=Accura & age_band=36-40,2,56,7,0.125,0.06189068695717122,0.2362547655819014,2.0884287925696596
Month=Mar & DayOfWeekClaimed=Friday,2,163,16,0.09815950920245399,0.061326602267174984,0.15349685392912474,1.6399931622632908
DayOfWeek=Saturday & VehiclePrice=less than 20000,2,102,11,0.10784313725490197,0.061293197233020486,0.18285932209753886,1.8017817033934318
VehiclePrice=40000 to 59000 & age_band=41-50,2,102,11,0.10784313725490197,0.061293197233020486,0.18285932209753886,1.8017817033934318
WeekOfMonthClaimed=4 & claim_lag_bucket=2+ months,2,114,12,0.10526315789473684,0.061246877562353676,0.1750151230893634,1.7586768779533974
Make=Saturn,1,46,6,0.13043478260869565,0.06117840362035115,0.25665857779073004,2.1792300444205144
WeekOfMonth=4 & AddressChange_Claim=2 to 3 years,2,46,6,0.13043478260869565,0.06117840362035115,0.25665857779073004,2.1792300444205144
Make=Saturn & Days_Policy_Accident=more than 30,2,46,6,0.13043478260869565,0.06117840362035115,0.25665857779073004,2.1792300444205144
Make=Saturn & Days_Policy_Claim=more than 30,2,46,6,0.13043478260869565,0.06117840362035115,0.25665857779073004,2.1792300444205144
Make=Saturn & PoliceReportFiled=No,2,46,6,0.13043478260869565,0.06117840362035115,0.25665857779073004,2.1792300444205144
Make=Saturn & WitnessPresent=No,2,46,6,0.13043478260869565,0.06117840362035115,0.25665857779073004,2.1792300444205144
DayOfWeekClaimed=Saturday & NumberOfCars=1 vehicle,2,91,10,0.10989010989010989,0.06079473021268493,0.19058751461094692,1.8359813561051952
DayOfWeek=Sunday & NumberOfCars=2 vehicles,2,57,7,0.12280701754385964,0.060780601589980846,0.23246448435174005,2.0517896909456304
DriverRating=1 & claim_lag_bucket=2+ months,2,128,13,0.1015625,0.060318648726840854,0.16602486330361116,1.6968483939628483
Month=Oct & age_band=26-30,2,166,16,0.0963855421686747,0.06020163030645203,0.15082728495111677,1.6103547316199784
DayOfWeekClaimed=Saturday & PoliceReportFiled=No,2,92,10,0.10869565217391304,0.06012152356953175,0.18863782456704176,1.8160250370170952
DayOfWeekClaimed=Saturday & WitnessPresent=No,2,92,10,0.10869565217391304,0.06012152356953175,0.18863782456704176,1.8160250370170952
DayOfWeekClaimed=Saturday & AgentType=External,2,92,10,0.10869565217391304,0.06012152356953175,0.18863782456704176,1.8160250370170952
DayOfWeek=Sunday & VehiclePrice=more than 69000,2,141,14,0.09929078014184398,0.06007007758610477,0.1597665567584314,1.6588937926794458
Make=Accura & VehiclePrice=30000 to 39000,2,141,14,0.09929078014184398,0.06007007758610477,0.1597665567584314,1.6588937926794458
