column,value,n_real,rate_real,n_syn,rate_syn,lift_real,lift_syn
Month,Apr,907,0.06615214994487321,24115,0.06460709102218536,1.105232437082069,1.0794236264155495
Month,Aug,783,0.07279693486590039,21100,0.06895734597156399,1.216249718278116,1.15210555496234
Month,Dec,915,0.046994535519125684,24743,0.053590914602109685,0.785157928572637,0.8953707475062007
Month,Feb,875,0.06742857142857143,23176,0.06459268208491543,1.1265581601061478,1.0791828889504411
Month,Jan,964,0.05912863070539419,26086,0.056122057808786326,0.9878874786429094,0.937659848221009
Month,Jul,874,0.041189931350114416,23556,0.04865002547121752,0.6881779087643729,0.8128207924006011
Month,Jun,948,0.056962025316455694,25317,0.06090769048465458,0.9516890700317435,1.0176158545346907
Month,Mar,965,0.0849740932642487,25507,0.07194103579409573,1.4196987439644524,1.2019555828366866
Month,May,961,0.07388137356919876,25546,0.0708134345885853,1.2343679023720777,1.1831161742958398
Month,Nov,819,0.03296703296703297,22175,0.04333709131905299,0.5507944068315586,0.7240548913408063
Month,Oct,891,0.05723905723905724,24110,0.05653255910410618,0.9563175615807196,0.9445183027626363
Month,Sep,891,0.05499438832772166,23776,0.05694818304172274,0.9188149121069658,0.9514623439022246
WeekOfMonth,1,2205,0.05895691609977324,59457,0.062044839127436635,0.9850185688310412,1.0366147769802754
WeekOfMonth,2,2503,0.06552137435077907,66901,0.06315301714473626,1.0946937977832174,1.055129672407726
WeekOfMonth,3,2586,0.06225831399845321,69421,0.058901485141383735,1.040176444249699,0.9840971584797322
WeekOfMonth,4,2376,0.055134680134680134,63514,0.05685360707875429,0.9211588276990753,0.9498822150447886
WeekOfMonth,5,1123,0.053428317008014245,29914,0.056695861469546034,0.8926498846246095,0.9472466786841709
DayOfWeek,Friday,1694,0.0602125147579693,45230,0.06040238779571081,1.005996395948549,1.0091735047506722
DayOfWeek,Monday,1829,0.0634226353198469,49257,0.05826583023732668,1.0596292616209098,0.9734769477438784
DayOfWeek,Saturday,1375,0.06545454545454546,36314,0.060059481191826844,1.0935772586546582,1.0034443891995763
DayOfWeek,Sunday,1230,0.07154471544715447,32253,0.06259882801599852,1.1953283495683256,1.0458705519366194
DayOfWeek,Thursday,1518,0.05533596837944664,41567,0.06093776312940554,0.9245218370268848,1.0181182935508948
DayOfWeek,Tuesday,1615,0.051393188854489166,43183,0.05858787022670958,0.8586481227654823,0.9788574341222414
DayOfWeek,Wednesday,1532,0.054177545691906005,41403,0.05905369176146656,0.9051675706698785,0.986640152123539
Make,Accura,325,0.12307692307692308,8694,0.07338394294916034,2.056299118837819,1.226062968717378
Make,Chevrolet,1154,0.05632582322357019,31045,0.0587534224512804,0.9410597678823421,0.9816233995879521
Make,Dodge,73,0.0136986301369863,2021,0.045522018802572985,0.22886890877475718,0.760559589360816
Make,Ford,306,0.0718954248366013,8153,0.07175272905678891,1.2011878022622877,1.1988094461193963
Make,Honda,1983,0.06253151790216843,53232,0.06390892696122633,1.0447409794397893,1.0677590433088031
Make,Mazda,1649,0.053365676167374164,44224,0.05542239507959479,0.8916033171431414,0.925970226099617
Make,Mercury,54,0.09259259259259259,1391,0.06542056074766354,1.5469842907923403,1.0930146800779625
Make,Pontiac,2673,0.056490834268612046,71499,0.05902180450076225,0.9438166784228016,0.986107395392949
Make,Saab,74,0.12162162162162163,1919,0.08337675872850443,2.031984771148858,1.39301803937577
Make,Saturn,46,0.13043478260869565,1207,0.0820215410107705,2.1792300444205144,1.3703757256558002
Make,Toyota,2209,0.058397464916251696,59340,0.05780249410178632,0.9756715771534126,0.9657357545751193
Make,VW,198,0.020202020202020204,5282,0.050927678909503976,0.3375238452637834,0.8508747102473088
AccidentArea,Rural,1135,0.07841409691629955,30150,0.06961857379767827,1.310098061946782,1.163153025552001
AccidentArea,Urban,9658,0.05767239594118865,259057,0.05871680749796377,0.9635575377604475,0.9810116548852459
DayOfWeekClaimed,Friday,1767,0.06395019807583475,47559,0.06207027061124078,1.0684434796168492,1.0370396737530394
DayOfWeekClaimed,Monday,2598,0.05388760585065435,69931,0.05837182365474539,0.9003234209692142,0.97524783383697
DayOfWeekClaimed,Saturday,94,0.10638297872340426,2513,0.0684440907282133,1.7773862064422634,1.1435303377951693
DayOfWeekClaimed,Sunday,41,0.07317073170731707,1131,0.060123784261715295,1.2224949029676055,1.0045187333898264
DayOfWeekClaimed,Thursday,1848,0.054653679653679656,49923,0.058750475732628246,0.9131225456689853,0.9815741672562805
DayOfWeekClaimed,Tuesday,2380,0.058823529411764705,63263,0.06022477593538087,0.9827900200327809,1.0062060527985959
DayOfWeekClaimed,Wednesday,2065,0.06731234866828087,54887,0.05999599176489879,1.124616376434606,1.0023836389573126
MonthClaimed,Apr,890,0.07415730337078652,23692,0.06626709437784906,1.238977980310989,1.1071581492625413
MonthClaimed,Aug,779,0.07958921694480103,21216,0.06589366515837104,1.329731297964764,1.1009190768028314
MonthClaimed,Dec,796,0.04396984924623116,21755,0.05074695472305217,0.734623193366212,0.8478552590750865
MonthClaimed,Feb,894,0.0592841163310962,24051,0.060371710116003494,0.9904852439032836,1.0086609571068181
MonthClaimed,Jan,1000,0.06,26509,0.057716247312233585,1.0024458204334366,0.9642947854667324
MonthClaimed,Jul,864,0.046296296296296294,23258,0.05172413793103448,0.7734921453961702,0.8641815574015418
MonthClaimed,Jun,912,0.05921052631578947,24365,0.06345167248101785,0.989255743848786,1.0601194594579855
MonthClaimed,Mar,962,0.07692307692307693,25434,0.06868758354957931,1.2851869492736367,1.1475984965697967
MonthClaimed,May,997,0.0732196589769308,26583,0.06966858518602115,1.2233123519164304,1.163988591328343
MonthClaimed,Nov,886,0.030474040632054177,23483,0.046373972661073966,0.5091429110553571,0.7747936170647728
MonthClaimed,Oct,914,0.05689277899343545,24773,0.05578654179953982,0.9505321419135431,0.9320542111045356
MonthClaimed,Sep,899,0.05561735261401557,24088,0.059656260378611756,0.9292230445248763,0.9967075733863182
WeekOfMonthClaimed,1,2389,0.06195060694851402,64182,0.05939359945155963,1.0350354501475416,0.9923191632921551
WeekOfMonthClaimed,2,2597,0.05467847516365037,69659,0.05824085904190413,0.9135368149245796,0.9730597412439034
WeekOfMonthClaimed,3,2508,0.06259968102073366,67444,0.06133977818634719,1.0458798099950128,1.0248349641790244
WeekOfMonthClaimed,4,2432,0.06126644736842105,65099,0.06003164411127667,1.0236049016213133,1.002979300894858
WeekOfMonthClaimed,5,867,0.05767012687427912,22823,0.06116636726109626,0.9635196274831186,1.021937699392251
Sex,Female,1681,0.04283164782867341,45420,0.04506825187142228,0.7156067724688423,0.7529782737711394
Sex,Male,9112,0.06299385425812117,243787,0.06260793233437385,1.0524654319007767,1.0460226624279179
MaritalStatus,Divorced,59,0.03389830508474576,1567,0.042756860242501596,0.5663535708663483,0.7143606747633251
MaritalStatus,Married,7419,0.059441973311767086,199963,0.0586458494821542,0.9931226284116133,0.9798261231187387
MaritalStatus,Single,3291,0.061075660893345485,87054,0.06297240793070967,1.0204173498790678,1.0521121421384605
Fault,Policy Holder,7815,0.07869481765834933,209517,0.07814163051208255,1.3147881841897282,1.3055520817739952
Fault,Third Party,2978,0.010409670920080591,79690,0.01177061111808257,0.17391885176537122,0.19665760425345497
PolicyType,Sedan - All Perils,2867,0.10184862225322637,76873,0.10192135079937038,1.7016287615775112,1.7028519988811963
PolicyType,Sedan - Collision,3929,0.0687197760244337,105378,0.06888534608741863,1.148130870946924,1.1509026161700797
PolicyType,Sedan - Liability,3458,0.007518796992481203,92788,0.007554856231409234,0.12561977699667123,0.12622283686407684
PolicyType,Sport - Collision,246,0.10975609756097561,6533,0.10699525485994184,1.8337423544514082,1.7876243022691622
PolicyType,Utility - All Perils,243,0.11934156378600823,6422,0.1175646216132046,1.9938908636879054,1.9642121041530942
VehicleCategory,Sedan,6796,0.08269570335491466,182251,0.08281984735337529,1.3816327032656253,1.383713436945558
VehicleCategory,Sport,3720,0.01424731182795699,99725,0.014219102531962898,0.23803596990578915,0.2375657993045288
VehicleCategory,Utility,277,0.11191335740072202,7231,0.11035818005808325,1.8697846229504531,1.843810409015487
VehiclePrice,20000 to 29000,5688,0.05291842475386779,153159,0.05563499369935818,0.884130895307268,0.9295222196886356
VehiclePrice,30000 to 39000,2442,0.05118755118755119,65510,0.050496107464509235,0.8552124457697213,0.8436642259669741
VehiclePrice,40000 to 59000,316,0.0759493670886076,8300,0.0608433734939759,1.2689187600423248,1.0165412777626972
VehiclePrice,60000 to 69000,65,0.046153846153846156,1830,0.04262295081967213,0.771112169564182,0.7121233817276093
VehiclePrice,less than 20000,764,0.08900523560209424,20610,0.08461911693352742,1.4870487737668778,1.4137747516461387
VehiclePrice,more than 69000,1518,0.08234519104084322,39798,0.07925021357857179,1.375776543194769,1.3240737445648763
RepNumber,1,669,0.06576980568011959,17967,0.05894139255301386,1.0988444469125862,0.9847639119629971
RepNumber,2,637,0.05337519623233909,16942,0.060264431590131035,0.8917623729653805,1.0068686000512435
RepNumber,3,667,0.06746626686656672,17875,0.060307692307692305,1.127187954010611,1.0075913789272541
RepNumber,4,646,0.05572755417956656,17199,0.062387348101633815,0.9310642295047398,1.0423372491293592
RepNumber,5,700,0.045714285714285714,18748,0.058299551952208234,0.7637682441397612,0.9740403536361806
RepNumber,6,650,0.06769230769230769,17369,0.05970407047037826,1.1309645153608001,0.9975063609778558
RepNumber,7,768,0.06901041666666667,20716,0.05937439660166055,1.1529867292311662,0.9919983314833299
RepNumber,8,657,0.0654490106544901,17465,0.058860578299456054,1.0934847863682844,0.983413707004667
RepNumber,9,686,0.06997084548104957,18295,0.060399016124624214,1.1690330267445324,1.0091171725219061
RepNumber,10,686,0.07434402332361516,18262,0.05963202277954222,1.2420975909160656,0.9963026234548277
RepNumber,11,670,0.06567164179104477,18018,0.06032856032856033,1.0972043805739107,1.0079400315968774
RepNumber,12,704,0.04971590909090909,18886,0.058720745525786294,0.8306250879538418,0.9810774495249033
RepNumber,13,617,0.05834683954619125,16748,0.060007165034631,0.9748257573096628,1.0025703164743227
RepNumber,14,641,0.046801872074883,17159,0.060959263360335685,0.7819390174987805,1.0184775088765223
RepNumber,15,686,0.048104956268221574,18450,0.06319783197831978,0.803710205886866,1.05587841669289
RepNumber,16,709,0.0535966149506347,19108,0.05673016537575885,0.8954617107773998,0.9478198115440258
Deductible,400,10393,0.05676897912056192,278608,0.05747501866421639,0.9484637641613387,0.9602644553912206
Deductible,500,187,0.22459893048128343,4860,0.18518518518518517,3.752470985579709,3.093983353659841
Deductible,700,206,0.06310679611650485,5566,0.06503772906934963,1.0543524001322553,1.086618515942195
DriverRating,1,2780,0.05683453237410072,74519,0.057220306230625746,0.9495589905784352,0.9560088448319225
DriverRating,2,2669,0.057699512926189585,71646,0.058872791223515616,0.9640105928983966,0.983617754556862
DriverRating,3,2687,0.06363974692966133,71858,0.06422388599738373,1.0632566387180105,1.073021224589564
DriverRating,4,2657,0.06134738426797139,71184,0.05918464823555855,1.0249571492325313,0.9888281087383698
Days_Policy_Accident,15 to 30,35,0.05714285714285714,899,0.09232480533926585,0.9547103051747015,1.5425176185876983
Days_Policy_Accident,8 to 15,41,0.12195121951219512,992,0.09375,2.037491504946009,1.5663290727902945
Days_Policy_Accident,more than 30,10680,0.05917602996254682,286417,0.059525098021416326,0.9886793984299811,0.9945161769774552
Days_Policy_Accident,none,30,0.2,721,0.09431345353675451,3.3414860681114553,1.5757429784520023
Days_Policy_Claim,15 to 30,33,0.15151515151515152,818,0.09657701711491443,2.5314288394783753,1.6135614898182007
Days_Policy_Claim,more than 30,10745,0.059469520707305726,288056,0.05972102646707585,0.9935828746036388,0.9977896534641019
PastNumberOfClaims,1,2537,0.06621994481671266,68207,0.06801354699664257,1.1063651151807736,1.1363370240472563
PastNumberOfClaims,2 to 4,3857,0.05315011667098781,103260,0.050522951772225454,0.8880018718730208,0.8441127275095324
PastNumberOfClaims,more than 4,1418,0.03737658674188998,37710,0.03728453990983824,0.6244667193579235,0.6229318274814897
PastNumberOfClaims,none,2981,0.07380073800738007,80030,0.07557166062726478,1.2330206893400204,1.2626142839416155
AgeOfVehicle,2 years,58,0.034482758620689655,1518,0.0691699604743083,0.5761182876054233,1.1556578139164229
AgeOfVehicle,3 years,110,0.05454545454545454,2917,0.08741858073363044,0.911314382212215,1.460546821388276
AgeOfVehicle,4 years,162,0.08641975308641975,4255,0.06862514688601645,1.4438520047395176,1.1465553353821005
AgeOfVehicle,5 years,945,0.07195767195767196,25157,0.06280558095162381,1.2022277917014759,1.049324878698802
AgeOfVehicle,6 years,2431,0.06458247634718223,65492,0.06298479203566848,1.079007224791235,1.05231904969726
AgeOfVehicle,7 years,4042,0.05690252350321623,108684,0.05785580214198962,0.9506949476319083,0.9666263991957476
AgeOfVehicle,more than 7,2776,0.05187319884726225,74886,0.05504366637288679,0.86666785628251,0.9196426124034355
AgeOfVehicle,new,269,0.09293680297397769,6298,0.0862178469355351,1.5527351617618286,1.4404855493174638
AgeOfPolicyHolder,16 to 17,232,0.10344827586206896,5242,0.09576497520030523,1.72835486281627,1.5999942913203162
AgeOfPolicyHolder,21 to 25,76,0.13157894736842105,1978,0.11880687563195147,2.1983460974417466,1.9849670757302014
AgeOfPolicyHolder,26 to 30,430,0.06279069767441861,11447,0.06412160391368918,1.0490712074303408,1.0713123456421898
AgeOfPolicyHolder,31 to 35,3910,0.061892583120204604,105187,0.06118626826508979,1.0340660210779695,1.0222701956176674
AgeOfPolicyHolder,36 to 40,2825,0.060530973451327436,76340,0.06142258318050825,1.011317022384175,1.0262184294561092
AgeOfPolicyHolder,41 to 50,1976,0.04807692307692308,53077,0.049362247301090866,0.8032418432960229,0.824720245823604
AgeOfPolicyHolder,51 to 65,976,0.05122950819672131,26235,0.05290642271774347,0.8559134395777294,0.8839345924281014
AgeOfPolicyHolder,over 65,356,0.07303370786516854,9455,0.07191961924907457,1.2202055866699133,1.2015977656942292
PoliceReportFiled,No,10501,0.06047043138748691,281295,0.06031746031746032,1.0103055200698858,1.0077545780492054
PoliceReportFiled,Yes,292,0.03767123287671233,7912,0.04335187057633974,0.6293894991305823,0.7243018159313395
WitnessPresent,No,10736,0.05998509687034277,287667,0.060006882958420674,1.0021968274328321,1.002565603683187
WitnessPresent,Yes,57,0.03508771929824561,1540,0.03116883116883117,0.5862256259844658,0.5207535618627472
AgentType,External,10624,0.06052334337349398,284655,0.06027998805571657,1.0111895433902796,1.007128509857286
AgentType,Internal,169,0.01775147928994083,4552,0.03317223198594024,0.29658160367853154,0.5542254012685048
NumberOfSuppliments,1 to 2,1760,0.06306818181818181,47190,0.05956770502225048,1.0537072544328736,0.9952280338746385
NumberOfSuppliments,3 to 5,1426,0.0546984572230014,38421,0.05663569402149866,0.9138706637892479,0.9462414304376408
NumberOfSuppliments,more than 5,2708,0.04874446085672083,72440,0.05305080066261734,0.814394684251684,0.8863467884017083
NumberOfSuppliments,none,4899,0.06634006940191876,131156,0.06465582969898441,1.108372088320293,1.080237928350906
AddressChange_Claim,1 year,122,0.07377049180327869,3199,0.0525164113785558,1.2325153529919302,0.8774184740357011
AddressChange_Claim,2 to 3 years,207,0.21256038647342995,5242,0.17760396795116368,3.551337850166764,2.967320090078116
AddressChange_Claim,4 to 8 years,447,0.04697986577181208,11826,0.05276509386098427,0.7849128347912815,0.8815733391249958
AddressChange_Claim,no change,10015,0.05691462805791313,268908,0.057856218483644965,0.9508971836363102,0.9666333552281634
NumberOfCars,1 vehicle,10009,0.05954640823259067,268384,0.059519196375342795,0.9948674675763949,0.9944175751660175
NumberOfCars,2 vehicles,505,0.05742574257425743,13255,0.05914749151263674,0.9594365938141802,0.988207312414508
NumberOfCars,3 to 4,263,0.07604562737642585,7152,0.07270693512304251,1.2705270220956102,1.2147518536181257
Year,1994,4294,0.06590591523055427,115004,0.06433689262982158,1.1011184877451583,1.0749092840434897
Year,1995,3639,0.05990656773838967,97720,0.059527220630372496,1.0008848074310213,0.9945516404880496
Year,1996,2860,0.050699300699300696,76483,0.05352823503262163,0.8470550347485332,0.8943235279653035
BasePolicy,All Perils,3125,0.10272,83673,0.10285277210091666,1.7161872445820434,1.7184137296932296
BasePolicy,Collision,4197,0.07124136287824637,112437,0.07104422921280361,1.1902601076546642,1.1869721778132463
BasePolicy,Liability,3471,0.00749063670411985,93097,0.007690903036617722,0.12514929094050395,0.12849584023749863
age_band,16-20,88,0.125,2224,0.11735611510791367,2.0884287925696596,1.9607284796079947
age_band,21-25,430,0.06279069767441861,11447,0.06412160391368918,1.0490712074303408,1.0713123456421898
age_band,26-30,1927,0.06279190451478983,51828,0.061877749479046076,1.049091370631775,1.0338231249905534
age_band,31-35,1983,0.06101865859808371,53359,0.06051462733559475,1.01946498800173,1.0110487479979982
age_band,36-40,1404,0.0641025641025641,37990,0.06214793366675441,1.070989124394697,1.0383372300381883
age_band,41-50,2449,0.05471621069824418,66113,0.0559194107059126,0.9141672787401693,0.934274119701032
age_band,51-65,1924,0.04781704781704782,51549,0.051194009583115097,0.7988999954944228,0.8553244326692067
age_band,66+,356,0.07303370786516854,9455,0.07191961924907457,1.2202055866699133,1.2015977656942292
age_band,missing,232,0.10344827586206896,5242,0.09576497520030523,1.72835486281627,1.5999942913203162
