split,rule_id,violators,fraud,fraud % (violators),95% CI,fraud % (passers),lift
real_train,V01_REQUIRED_FIELDS,0,0,,,5.9853608820531825,
real_train,V02_DOMAIN_VALUES,0,0,,,5.9853608820531825,
real_train,V03_AGE_MISSING,232,24,10.344827586206897,7.1-14.9,5.8895937884670015,1.756458587426544
real_train,V04_AGE_HOLDER_BIN,0,0,,,5.9853608820531825,
real_train,V05_POLICYTYPE_CONSISTENT,0,0,,,5.9853608820531825,
real_train,V05B_POLICYTYPE_KNOWN_ALIAS,3458,26,0.7518796992481203,0.5-1.1,8.452624403544649,0.08895221925782197
real_train,V06_CLAIM_AFTER_ACCIDENT,1,0,0.0,0.0-79.3,5.985915492957746,0.0
real_train,V07_REPORTING_DELAY,80,5,6.25,2.7-13.8,5.983384672827406,1.0445592823712948
real_train,V08_EARLY_POLICY_INCIDENT,37,7,18.91891891891892,9.5-34.2,5.940870211974712,3.184536649325382
real_train,V09_POLICY_DAYS_ORDER,1,0,0.0,0.0-79.3,5.985915492957746,0.0
real_train,V10_POLICY_DAYS_VS_LAG,0,0,,,5.9853608820531825,
real_train,V11_VEHICLE_VS_DRIVER_AGE,38,6,15.789473684210526,7.4-30.4,5.95072059507206,2.653371710526316
real_train,V12_YOUNG_HOLDER_HISTORY,9,2,22.22222222222222,6.3-54.7,5.971810089020772,3.721187025534851
synthetic,V01_REQUIRED_FIELDS,0,0,,,5.985332305234659,
synthetic,V02_DOMAIN_VALUES,0,0,,,5.985332305234659,
synthetic,V03_AGE_MISSING,5242,502,9.576497520030523,8.8-10.4,5.919039318225837,1.617914158897827
synthetic,V04_AGE_HOLDER_BIN,0,0,,,5.985332305234659,
synthetic,V05_POLICYTYPE_CONSISTENT,0,0,,,5.985332305234659,
synthetic,V05B_POLICYTYPE_KNOWN_ALIAS,92788,701,0.7554856231409234,0.7-0.8,8.455902942179728,0.08934416919243604
synthetic,V06_CLAIM_AFTER_ACCIDENT,0,0,,,5.985332305234659,
synthetic,V07_REPORTING_DELAY,2180,131,6.009174311926605,5.1-7.1,5.985151222707271,1.0040137814944745
synthetic,V08_EARLY_POLICY_INCIDENT,899,85,9.454949944382648,7.7-11.5,5.974513367648487,1.5825472908940914
synthetic,V09_POLICY_DAYS_ORDER,0,0,,,5.985332305234659,
synthetic,V10_POLICY_DAYS_VS_LAG,63,5,7.936507936507937,3.4-17.3,5.984907174279944,1.326087056222855
synthetic,V11_VEHICLE_VS_DRIVER_AGE,1037,120,11.571841851494696,9.8-13.7,5.965228857965784,1.9398822957214814
synthetic,V12_YOUNG_HOLDER_HISTORY,157,12,7.643312101910828,4.4-12.9,5.984431759211209,1.2771993080456265
real_validation,V01_REQUIRED_FIELDS,0,0,,,6.009511456982274,
real_validation,V02_DOMAIN_VALUES,0,0,,,6.009511456982274,
real_validation,V03_AGE_MISSING,45,5,11.11111111111111,4.8-23.5,5.908289241622574,1.8805970149253732
real_validation,V04_AGE_HOLDER_BIN,0,0,,,6.009511456982274,
real_validation,V05_POLICYTYPE_CONSISTENT,0,0,,,6.009511456982274,
real_validation,V05B_POLICYTYPE_KNOWN_ALIAS,742,5,0.6738544474393531,0.3-1.6,8.52959898154042,0.07900189081546445
real_validation,V06_CLAIM_AFTER_ACCIDENT,2,0,0.0,0.0-65.8,6.014712245781047,0.0
real_validation,V07_REPORTING_DELAY,12,0,0.0,0.0-24.2,6.040851803563668,0.0
real_validation,V08_EARLY_POLICY_INCIDENT,20,2,10.0,2.8-30.1,5.974705625817706,1.6737226277372264
real_validation,V09_POLICY_DAYS_ORDER,1,1,100.0,20.7-100.0,5.968858131487889,16.753623188405797
real_validation,V10_POLICY_DAYS_VS_LAG,0,0,,,6.009511456982274,
real_validation,V11_VEHICLE_VS_DRIVER_AGE,7,2,28.571428571428573,8.2-64.1,5.941023417172593,4.809176225234619
real_validation,V12_YOUNG_HOLDER_HISTORY,0,0,,,6.009511456982274,
