rule_id,severity,raw n,raw %,real_train n,real_train %,synthetic n,synthetic %,real_validation n,real_validation %,real_test n,real_test %
V01_REQUIRED_FIELDS,blocking,0,0.0,0,0.0,0,0.0,0,0.0,0,0.0
V02_DOMAIN_VALUES,blocking,1,0.00648508430609598,0,0.0,0,0.0,0,0.0,0,0.0
V03_AGE_MISSING,blocking,320,2.075226977950713,232,2.1495413694060965,5242,1.8125425733125409,45,1.9455252918287937,42,1.8158236057068744
V04_AGE_HOLDER_BIN,warning,0,0.0,0,0.0,0,0.0,0,0.0,0,0.0
V05_POLICYTYPE_CONSISTENT,warning,0,0.0,0,0.0,0,0.0,0,0.0,0,0.0
V05B_POLICYTYPE_KNOWN_ALIAS,info,4987,32.34111543450065,3458,32.0392847215788,92788,32.083594103877154,742,32.07955036748811,787,34.025075659316904
V06_CLAIM_AFTER_ACCIDENT,warning,3,0.019455252918287938,1,0.00926526452330214,0,0.0,2,0.08646779074794639,0,0.0
V07_REPORTING_DELAY,info,113,0.7328145265888456,80,0.7412211618641712,2180,0.7537853509769818,12,0.5188067444876783,21,0.9079118028534372
V08_EARLY_POLICY_INCIDENT,warning,70,0.4539559014267186,37,0.3428147873621792,899,0.3108500140038104,20,0.8646779074794639,12,0.5188067444876783
V09_POLICY_DAYS_ORDER,warning,4,0.02594033722438392,1,0.00926526452330214,0,0.0,1,0.043233895373973194,1,0.043233895373973194
V10_POLICY_DAYS_VS_LAG,warning,0,0.0,0,0.0,63,0.02178370509704122,0,0.0,0,0.0
V11_VEHICLE_VS_DRIVER_AGE,info,56,0.3631647211413748,38,0.35208005188548136,1037,0.3585667013592341,7,0.3026372676178124,11,0.4755728491137051
V12_YOUNG_HOLDER_HISTORY,info,10,0.06485084306095978,9,0.08338738070971927,157,0.05428637619421384,0,0.0,1,0.043233895373973194
