column,TVD vs synthetic,TVD vs real_validation,TVD vs real_test
Age,0.007641744020924084,0.05949497538656242,0.07138579876494384
DayOfWeek,0.0051531365853059105,0.014859273129783537,0.022739675028357616
AgeOfPolicyHolder,0.0043849135336160834,0.015921393704082517,0.015153975036821737
MonthClaimed,0.004326536731847547,0.029407060323842014,0.031668497888316834
AgeOfVehicle,0.004245074538083489,0.01735716921773888,0.01888651869562542
Month,0.004146742410352851,0.02953784756408666,0.03948344608074703
MaritalStatus,0.004028282527270355,0.005587399144110702,0.0060817068147442895
VehiclePrice,0.0036150072688710027,0.013791584584154082,0.01553668293675956
DayOfWeekClaimed,0.0033301649469246607,0.02174032431790648,0.028381271763908103
RepNumber,0.0022789673182659863,0.03328136693616048,0.04344115209097954
AddressChange_Claim,0.0018952770762367182,0.005255443903710307,0.006212053424164169
WeekOfMonth,0.0017266283547021435,0.013744517200605072,0.02101212179404522
Make,0.001667137633673443,0.03266336217582541,0.024457213925744667
WeekOfMonthClaimed,0.0016504544742045948,0.012967604941939069,0.012827284052941541
PastNumberOfClaims,0.0013063690756322244,0.023845698455737162,0.020436577822273497
Sex,0.0013010439200548396,0.0018364291053643983,0.009836722645608337
NumberOfCars,0.001020088942457923,0.0024440990699925746,0.006491693768466688
PolicyType,0.0009506434290302552,0.004785491100479109,0.022881878612697092
AccidentArea,0.000910163660782011,0.009181504609258803,0.0013994034419436419
NumberOfSuppliments,0.0008284781705772681,0.01979141418019692,0.010782196223401277
Days_Policy_Accident,0.0008226795112131699,0.006299178155414375,0.0031492285615778576
Year,0.0007264941689189286,0.011203599521218549,0.009981009212028352
VehicleCategory,0.0006619301014985351,0.002869588217275362,0.020658575643233833
Deductible,0.0005718532143476685,0.005436783516753944,0.008118422658614942
DriverRating,0.0005349830314615722,0.01045368591490324,0.016321246148836538
Days_Policy_Claim,0.0004674786272652676,0.0021305301521870835,0.0024700962886506877
Fault,0.0003729966812051899,0.022568950612454813,0.0052753924628655136
BasePolicy,0.0003070483039995797,0.003649144260889664,0.021247458711790124
PoliceReportFiled,0.000302995009067341,0.004073832261218472,0.0006151206313006214
AgentType,8.129432097360098e-05,9.409470975028401e-05,9.409470975028401e-05
WitnessPresent,4.3704912105668216e-05,0.0016362224815534877,0.0007715445740740256
