model,family,data,pr_auc,pr_lo,pr_hi,roc_auc,precision_at_top_10pct,recall_at_precision_0.3,fit_seconds
mix_xgboost_f1.0_w0.3_real_s43,xgboost,real + 100% synthetic (w=0.3),0.2882731077538071,0.23796487330226676,0.35967915395373407,0.8731244994804523,0.2554112554112554,0.31654676258992803,7.565568447113037
mix_xgboost_f1.0_w0.1_real_s43,xgboost,real + 100% synthetic (w=0.1),0.28800760514728285,0.23721738237469617,0.36447335710558926,0.8695902523611285,0.24242424242424243,0.30935251798561153,7.210226774215698
xgboost,xgboost,real + 100% synthetic (w=0.3),0.28298453240612254,0.23382281309830896,0.3558421017086032,0.8717511731185428,0.2554112554112554,0.302158273381295,8.02632761001587
mix_xgboost_f1.0_w0.3_real_s42,xgboost,real + 100% synthetic (w=0.3),0.28298453240612254,0.23382281309830896,0.3558421017086032,0.8717511731185428,0.2554112554112554,0.302158273381295,8.02353549003601
mix_xgboost_f1.0_w0.1_real_s42,xgboost,real + 100% synthetic (w=0.1),0.279424662682483,0.22924845174379002,0.3500239032465136,0.8674160947231175,0.2554112554112554,0.3237410071942446,6.991063117980957
mix_xgboost_f1.0_w1.0_real_s42,xgboost,real + 100% synthetic (w=1.0),0.27773335288391626,0.22886423108384574,0.34951930001378095,0.8690938693387517,0.2510822510822511,0.30935251798561153,8.865305423736572
mix_xgboost_f1.0_w1.0_synonly_s43,xgboost,no real + 100% synthetic (w=1.0),0.27642147712204446,0.22957594486809568,0.3472584585155514,0.8681077217342961,0.24675324675324675,0.2446043165467626,7.335220098495483
mix_xgboost_f1.0_w1.0_synonly_s42,xgboost,no real + 100% synthetic (w=1.0),0.2742430679898635,0.2260726941066252,0.34571063833474475,0.8660361499209097,0.2597402597402597,0.2949640287769784,6.850818872451782
mix_xgboost_f0.5_w1.0_real_s43,xgboost,real + 50% synthetic (w=1.0),0.2723989911534192,0.22632149931614653,0.34049412280523267,0.8677106153163945,0.2727272727272727,0.35251798561151076,4.574819326400757
mix_xgboost_f1.0_w1.0_real_s43,xgboost,real + 100% synthetic (w=1.0),0.2707465878428365,0.2254647755106307,0.34076212858757743,0.868326130264142,0.24242424242424243,0.3237410071942446,7.382089853286743
mix_xgboost_f0.5_w1.0_real_s42,xgboost,real + 50% synthetic (w=1.0),0.26739940549400676,0.2193183638849176,0.3392880103881903,0.863167056051571,0.23376623376623376,0.302158273381295,5.167565107345581
mix_xgboost_f0.25_w1.0_real_s42,xgboost,real + 25% synthetic (w=1.0),0.25885566476766353,0.2135347307861617,0.3271395779034138,0.8593151237979259,0.24675324675324675,0.2733812949640288,2.7621583938598633
mix_xgboost_f0.25_w1.0_real_s43,xgboost,real + 25% synthetic (w=1.0),0.2587314759021414,0.21353219179181307,0.3274781405333705,0.8538747658726744,0.24675324675324675,0.2446043165467626,2.7909040451049805
mix_xgboost_f0.1_w1.0_real_s43,xgboost,real + 10% synthetic (w=1.0),0.2463683568260663,0.20533887201453102,0.31569412277778774,0.8523194324025599,0.24242424242424243,0.23741007194244604,1.6716179847717285
rf,rf,real + 100% synthetic (w=0.3),0.24589237438431893,0.20339077989281903,0.31545425147464373,0.8491293441787509,0.23809523809523808,0.23741007194244604,31.569534301757812
mix_xgboost_f0.0_w1.0_real_s43,xgboost,real + 0% synthetic (w=1.0),0.2448102671084787,0.2001087385274813,0.3139785203497984,0.8374312509514008,0.2510822510822511,0.20863309352517986,1.0839931964874268
mix_xgboost_f0.0_w1.0_real_s42,xgboost,real + 0% synthetic (w=1.0),0.2308098900987351,0.18958015021011632,0.2937297343945506,0.830581165242599,0.22943722943722944,0.2446043165467626,1.1166443824768066
mix_xgboost_f0.1_w1.0_real_s42,xgboost,real + 10% synthetic (w=1.0),0.2276082746758864,0.19294112082761247,0.2907403429891786,0.8531335005592583,0.22510822510822512,0.07913669064748201,1.6641528606414795
logreg,logreg,real + 100% synthetic (w=0.3),0.19327821584311597,0.16081334330862454,0.2530277336386432,0.8146009411422105,0.19913419913419914,0.12949640287769784,25.216201782226562
baseline: rules-only (red flags),rules,config/policy_rules.yaml,0.1424258913888898,0.12279968811415727,0.17625737509202455,0.7809991197474404,0.1645021645021645,0.0,0.0
baseline: all-legit,constant,-,0.06009511456982274,0.06009511456982274,0.06009511456982274,0.5,0.06493506493506493,0.0,0.0
