column,value,real_train,synthetic,real_validation,real_test,fraud%_real_train,fraud%_synthetic,fraud%_real_validation
Month,Jan,8.931715000463262,9.019837002562179,9.857328145265889,9.46822308690013,5.9128630705394185,5.612205780878632,6.140350877192982
Month,Feb,8.107106457889373,8.013637290936941,7.133592736705577,9.770860354517943,6.742857142857144,6.459268208491544,7.2727272727272725
Month,Mar,8.940980264986566,8.819634379527466,8.25767401642888,8.819714656290532,8.49740932642487,7.194103579409574,5.7591623036649215
Month,Apr,8.40359492263504,8.33831822881189,8.430609597924773,7.695633376567229,6.615214994487322,6.4607091022185354,8.205128205128204
Month,May,8.903919206893358,8.833119530301826,8.992650237786425,8.560311284046692,7.388137356919875,7.08134345885853,5.288461538461538
Month,Jun,8.783470768090428,8.753937491139565,8.473843493298746,7.652399481193256,5.69620253164557,6.090769048465458,6.122448979591836
Month,Jul,8.09784119336607,8.145031067712745,8.171206225680933,8.344141807176825,4.118993135011442,4.865002547121752,5.291005291005291
Month,Aug,7.254702121745576,7.295812342024917,7.003891050583658,7.868568958063121,7.2796934865900385,6.895734597156398,9.25925925925926
Month,Sep,8.255350690262206,8.221101149004001,7.652399481193256,7.43623000432339,5.499438832772166,5.694818304172275,5.649717514124294
Month,Oct,8.255350690262206,8.336589363327997,8.992650237786425,8.906182447038479,5.723905723905724,5.653255910410618,4.326923076923077
Month,Nov,7.588251644584452,7.667518421061731,8.690012970168612,7.825335062689148,3.296703296703297,4.333709131905299,5.472636815920398
Month,Dec,8.477717038821458,8.555463733588745,8.344141807176825,7.652399481193256,4.699453551912568,5.359091460210968,4.145077720207254
DayOfWeek,Monday,16.946168813119613,17.031745428015228,17.293558149589277,16.68828361435365,6.34226353198469,5.826583023732668,5.0
DayOfWeek,Tuesday,14.963402205132956,14.931519638183033,14.440121054907046,15.17509727626459,5.139318885448916,5.858787022670958,5.089820359281437
DayOfWeek,Wednesday,14.194385249698879,14.316043525917422,14.526588845654995,12.5810635538262,5.417754569190601,5.905369176146656,5.952380952380952
DayOfWeek,Thursday,14.064671546372647,14.372750313789084,14.656290531776914,13.661910938175529,5.533596837944664,6.093776312940554,5.899705014749262
DayOfWeek,Friday,15.695358102473826,15.639317167288484,15.910073497622134,16.55858192823173,6.02125147579693,6.040238779571081,8.423913043478262
DayOfWeek,Saturday,12.739738719540442,12.55640423641198,12.494595763078253,13.748378728923477,6.545454545454546,6.005948119182684,4.844290657439446
DayOfWeek,Sunday,11.396275363661633,11.152219690394768,10.678772157371379,11.586683960224816,7.154471544715448,6.2598828015998516,6.882591093117409
Make,Accura,3.0112109700731957,3.0061513033916887,3.285776048421963,3.0696065715520966,12.307692307692308,7.338394294916034,10.526315789473683
Make,BMW,0.10191790975632356,0.09439605542051195,0.08646779074794639,0.08646779074794639,9.090909090909092,3.6630036630036633,0.0
Make,Chevrolet,10.69211525989067,10.734525789486424,11.37051448335495,11.413748378728924,5.632582322357019,5.87534224512804,4.942965779467681
Make,Dodge,0.6763643102010563,0.6988074285892112,1.0376134889753565,0.5188067444876783,1.36986301369863,4.552201880257298,0.0
Make,Ferrari,0.01853052904660428,0.015905562451807877,,,0.0,2.1739130434782608,
Make,Ford,2.835170944130455,2.8190880580345565,3.0696065715520966,3.156074362300043,7.18954248366013,7.175272905678891,8.450704225352112
Make,Honda,18.373019549708143,18.406193487709498,17.769130998702984,17.552961521833115,6.253151790216843,6.390892696122632,5.839416058394161
Make,Jaguar,0.0463263226165107,0.03872658683918439,0.043233895373973194,,0.0,2.6785714285714284,0.0
Make,Lexus,,,,0.043233895373973194,,,
Make,Mazda,15.27842119892523,15.29146943192938,14.180717682663207,16.299178555987893,5.336567616737416,5.542239507959479,5.182926829268292
Make,Mecedes,0.02779579356990642,0.017634427935700036,,0.043233895373973194,0.0,9.803921568627452,
Make,Mercury,0.5003242842583155,0.480970377618799,0.6917423259835711,0.5620406398616515,9.25925925925926,6.5420560747663545,6.25
Make,Nisson,0.22236634855925136,0.20677231187350237,0.12970168612191957,0.12970168612191957,4.166666666666666,3.678929765886288,0.0
Make,Pontiac,24.76605207078662,24.722430646561115,25.94033722438392,24.38391699092088,5.649083426861204,5.902180450076225,5.833333333333333
Make,Porche,0.03706105809320856,0.04149277161341185,,0.043233895373973194,0.0,6.666666666666667,
Make,Saab,0.6856295747243584,0.6635385727178111,1.0376134889753565,0.43233895373973197,12.162162162162163,8.337675872850443,8.333333333333332
Make,Saturn,0.4262021680718984,0.4173481278115675,0.17293558149589278,0.34587116299178555,13.043478260869565,8.20215410107705,0.0
Make,Toyota,20.466969331974425,20.51817556283216,19.541720709035886,19.88759187202767,5.83974649162517,5.780249410178632,7.300884955752212
Make,VW,1.8345223756138236,1.826373497183678,1.6428880242109816,2.03199308257674,2.0202020202020203,5.092767890950397,0.0
AccidentArea,Rural,10.516075233947928,10.425058867869726,9.59792477302205,10.376134889753567,7.841409691629956,6.961857379767827,9.90990990990991
AccidentArea,Urban,89.48392476605207,89.57494113213028,90.40207522697796,89.62386511024644,5.767239594118865,5.871680749796377,5.5954088952654235
DayOfWeekClaimed,Monday,24.07115723153896,24.180258430812533,23.994811932555123,26.113272805879813,5.388760585065435,5.837182365474539,6.126126126126126
DayOfWeekClaimed,Tuesday,22.051329565459092,21.874643421493946,20.70903588413316,22.30869001297017,5.88235294117647,6.022477593538087,6.6805845511482245
DayOfWeekClaimed,Wednesday,19.132771240618922,18.9784479628778,18.63380890618245,19.671422395157805,6.731234866828087,5.999599176489879,5.336426914153132
DayOfWeekClaimed,Thursday,17.122208839062356,17.262030310469665,18.417639429312583,16.68828361435365,5.465367965367966,5.875047573262824,5.868544600938967
DayOfWeekClaimed,Friday,16.371722412674885,16.44462270968545,17.250324254215304,14.310419368785126,6.395019807583475,6.207027061124077,6.265664160401002
DayOfWeekClaimed,Saturday,0.8709348651904012,0.8689277922041997,0.7349762213575443,0.6917423259835711,10.638297872340425,6.844409072821329,0.0
DayOfWeekClaimed,Sunday,0.3798758454553877,0.39106937245640666,0.25940337224383914,0.21616947686986598,7.317073170731707,6.012378426171529,0.0
MonthClaimed,Jan,9.26526452330214,9.166099022499456,9.814094249891916,9.46822308690013,6.0,5.771624731223358,6.607929515418502
MonthClaimed,Feb,8.283146483832112,8.31618875061807,7.695633376567229,9.295287505404238,5.9284116331096195,6.037171011600349,6.741573033707865
MonthClaimed,Mar,8.91318447141666,8.794392943462642,7.738867271941202,8.949416342412452,7.6923076923076925,6.868758354957931,6.145251396648044
MonthClaimed,Apr,8.246085425738906,8.192056208874613,8.387375702550798,8.084738434932987,7.415730337078652,6.626709437784905,5.154639175257731
MonthClaimed,May,9.237468729732235,9.191686231661059,9.165585819282317,8.733246865542585,7.3219658976930795,6.966858518602114,7.0754716981132075
MonthClaimed,Jun,8.449921245251552,8.424761503006497,8.473843493298746,7.99827064418504,5.921052631578947,6.345167248101785,6.122448979591836
MonthClaimed,Jul,8.005188548133049,8.041990684872772,8.25767401642888,7.349762213575444,4.62962962962963,5.172413793103448,4.712041884816754
MonthClaimed,Aug,7.217641063652367,7.335922021251215,6.744487678339818,8.25767401642888,7.958921694480104,6.589366515837105,8.333333333333332
MonthClaimed,Sep,8.329472806448624,8.328982355198871,7.695633376567229,7.133592736705577,5.561735261401557,5.965626037861176,7.303370786516854
MonthClaimed,Oct,8.468451774298156,8.565836926492096,9.165585819282317,9.208819714656292,5.689277899343545,5.578654179953982,4.716981132075472
MonthClaimed,Nov,8.209024367645696,8.119789631647919,8.906182447038479,8.344141807176825,3.0474040632054176,4.6373972661073966,4.854368932038835
MonthClaimed,Dec,7.375150560548503,7.5222937204147895,7.955036748811067,7.17682663207955,4.396984924623116,5.074695472305217,4.891304347826087
Sex,Female,15.574909663670896,15.705014055676383,15.391266753134458,16.55858192823173,4.283164782867341,4.506825187142228,3.932584269662921
Sex,Male,84.4250903363291,84.29498594432361,84.60873324686554,83.44141807176827,6.299385425812116,6.2607932334373855,6.3873275421563624
MaritalStatus,Divorced,0.5466506068748263,0.541826442651803,0.4755728491137051,0.25940337224383914,3.389830508474576,4.2756860242501595,9.090909090909092
MaritalStatus,Married,68.73899749837858,69.14182575110561,69.26070038910505,69.347168179853,5.944197331176708,5.86458494821542,5.992509363295881
MaritalStatus,Single,30.491985546187344,30.100931166949625,30.004323389537397,30.17725897103329,6.107566089334549,6.297240793070967,6.051873198847262
MaritalStatus,Widow,0.22236634855925136,0.21541663929296317,0.25940337224383914,0.21616947686986598,8.333333333333332,5.457463884430177,0.0
Fault,Policy Holder,72.40804224960623,72.44534191772675,74.66493731085171,72.93558149589278,7.869481765834934,7.814163051208254,7.81702374059062
Fault,Third Party,27.591957750393775,27.554658082273253,25.33506268914829,27.06441850410722,1.0409670920080591,1.177061111808257,0.6825938566552902
PolicyType,Sedan - All Perils,26.563513388307236,26.580615268648405,26.459143968871597,26.242974492001732,10.184862225322638,10.192135079937039,9.313725490196079
PolicyType,Sedan - Collision,36.403224312054114,36.43687739231761,36.40293990488543,35.1491569390402,6.87197760244337,6.888534608741863,6.7695961995249405
PolicyType,Sedan - Liability,32.0392847215788,32.083594103877154,32.07955036748811,34.025075659316904,0.7518796992481203,0.7554856231409234,0.6738544474393532
PolicyType,Sport - All Perils,0.13897896784953212,0.1307022305822473,0.21616947686986598,0.08646779074794639,0.0,4.232804232804233,0.0
PolicyType,Sport - Collision,2.2792550727323264,2.2589356412534967,1.9887591872027668,2.421098140942499,10.975609756097562,10.699525485994183,23.91304347826087
PolicyType,Sport - Liability,0.00926526452330214,0.008990100516239233,,,0.0,7.6923076923076925,
PolicyType,Utility - All Perils,2.25145927916242,2.2205548275110907,2.594033722438392,1.599654128837008,11.934156378600823,11.75646216132046,15.0
PolicyType,Utility - Collision,0.20383581951264712,0.18187664890545527,0.12970168612191957,0.21616947686986598,9.090909090909092,5.7034220532319395,0.0
PolicyType,Utility - Liability,0.11118317427962568,0.09785378638829628,0.12970168612191957,0.25940337224383914,0.0,4.593639575971731,0.0
VehicleCategory,Sedan,62.96673770036134,63.01749266096602,62.86208387375702,61.39213143104194,8.269570335491466,8.281984735337529,7.8404401650618984
VehicleCategory,Sport,34.46678402668396,34.482222076229135,34.28447903156074,36.53264159100735,1.424731182795699,1.4219102531962897,2.01765447667087
VehicleCategory,Utility,2.5664782729546927,2.500285262804842,2.853437094682231,2.075226977950713,11.191335740072201,11.035818005808325,13.636363636363635
VehiclePrice,less than 20000,7.078662095802835,7.126383524603484,7.263294422827498,7.090358841331604,8.900523560209423,8.461911693352741,10.714285714285714
VehiclePrice,20000 to 29000,52.700824608542575,52.95826172948787,51.49156939040207,51.88067444876784,5.29184247538678,5.563499369935818,4.701931150293871
VehiclePrice,30000 to 39000,22.625775965903827,22.651595569955084,23.00043233895374,24.167747514051015,5.118755118755119,5.049610746450924,5.827067669172932
VehiclePrice,40000 to 59000,2.9278235893634763,2.8699167032609862,3.545179420665802,2.7237354085603114,7.59493670886076,6.0843373493975905,2.4390243902439024
VehiclePrice,60000 to 69000,0.6022421940146392,0.6327647671045307,0.43233895373973197,0.5188067444876783,4.615384615384616,4.2622950819672125,0.0
VehiclePrice,more than 69000,14.064671546372647,13.76107770558804,14.267185473411153,13.618677042801556,8.234519104084322,7.925021357857179,9.696969696969697
Days_Policy_Accident,none,0.27795793569906424,0.24930240277724952,0.648508430609598,0.43233895373973197,20.0,9.43134535367545,13.333333333333334
Days_Policy_Accident,1 to 7,0.06485685166311499,0.061547611226560904,0.21616947686986598,0.08646779074794639,14.285714285714285,9.550561797752808,0.0
Days_Policy_Accident,8 to 15,0.3798758454553877,0.34300691200420463,0.08646779074794639,0.5188067444876783,12.195121951219512,9.375,0.0
Days_Policy_Accident,15 to 30,0.3242842583155749,0.3108500140038104,0.43233895373973197,0.17293558149589278,5.714285714285714,9.232480533926585,10.0
Days_Policy_Accident,more than 30,98.95302510886685,99.03529305998818,98.61651534803286,98.78945092952875,5.917602996254682,5.952509802141632,5.962297238053485
Days_Policy_Claim,8 to 15,0.13897896784953212,0.11514244122721787,0.043233895373973194,0.21616947686986598,13.333333333333334,8.408408408408409,0.0
Days_Policy_Claim,15 to 30,0.3057537292689706,0.2828423931647574,0.5188067444876783,0.4755728491137051,15.151515151515152,9.657701711491443,8.333333333333332
Days_Policy_Claim,more than 30,99.5552673028815,99.60201516560802,99.43795936013835,99.30825767401643,5.946952070730573,5.972102646707585,6.0
PastNumberOfClaims,none,27.619753543963682,27.672220935177915,30.004323389537397,29.226113272805883,7.380073800738007,7.557166062726478,7.92507204610951
PastNumberOfClaims,1,23.50597609561753,23.584145611966516,22.654561175961955,22.135754431474275,6.6219944816712655,6.801354699664257,6.870229007633588
PastNumberOfClaims,2 to 4,35.736125266376355,35.70452997334089,35.3220925205361,35.06268914829226,5.315011667098781,5.052295177222545,4.8959608323133414
PastNumberOfClaims,more than 4,13.138145094042436,13.039103479514672,12.019022913964548,13.575443147427583,3.7376586741889986,3.728453990983824,2.877697841726619
AgeOfVehicle,new,2.4923561567682757,2.177678963510565,2.3778642455685257,2.075226977950713,9.293680297397769,8.62178469355351,9.090909090909092
AgeOfVehicle,2 years,0.5373853423515241,0.5248835609096599,0.34587116299178555,0.3026372676178124,3.4482758620689653,6.91699604743083,0.0
AgeOfVehicle,3 years,1.0191790975632353,1.0086201233026864,0.5188067444876783,1.297016861219196,5.454545454545454,8.741858073363044,8.333333333333332
AgeOfVehicle,4 years,1.5009728527749466,1.4712645267922284,1.8590575010808474,1.0376134889753565,8.641975308641975,6.862514688601645,13.953488372093023
AgeOfVehicle,5 years,8.755674974520522,8.698613795655016,8.430609597924773,9.381755296152184,7.195767195767195,6.28055809516238,7.179487179487179
AgeOfVehicle,6 years,22.523858056147503,22.645371654213072,21.91958495460441,22.04928664072633,6.458247634718223,6.298479203566848,6.31163708086785
AgeOfVehicle,7 years,37.45019920318725,37.580003250267104,37.87289234760052,38.434932987462176,5.690252350321623,5.785580214198962,5.47945205479452
AgeOfVehicle,more than 7,25.72037431668674,25.89356412534966,26.675313445741462,25.421530479896237,5.187319884726225,5.504366637288679,5.348460291734198
AgeOfPolicyHolder,16 to 17,2.1495413694060965,1.8125425733125409,1.9455252918287937,1.8158236057068744,10.344827586206897,9.576497520030523,11.11111111111111
AgeOfPolicyHolder,18 to 20,0.11118317427962568,0.08506018180749428,0.043233895373973194,0.08646779074794639,8.333333333333332,10.569105691056912,0.0
AgeOfPolicyHolder,21 to 25,0.7041601037709627,0.6839391854277386,0.43233895373973197,0.9511456982274102,13.157894736842104,11.880687563195147,20.0
AgeOfPolicyHolder,26 to 30,3.9840637450199203,3.9580646388227114,3.761348897535668,4.150453955901426,6.279069767441861,6.412160391368918,1.1494252873563218
AgeOfPolicyHolder,31 to 35,36.22718428611137,36.37083473083293,35.9706009511457,36.79204496325119,6.189258312020461,6.118626826508979,6.730769230769231
AgeOfPolicyHolder,36 to 40,26.174372278328544,26.396318208065505,26.415910073497624,26.242974492001732,6.053097345132744,6.142258318050825,6.055646481178396
AgeOfPolicyHolder,41 to 50,18.30816269804503,18.35259865770884,19.628188499783832,17.20709035884133,4.807692307692308,4.936224730109086,5.286343612334802
AgeOfPolicyHolder,51 to 65,9.04289817474289,9.071357193982164,8.473843493298746,9.511456982274103,5.122950819672131,5.290642271774347,5.612244897959184
AgeOfPolicyHolder,over 65,3.298434170295562,3.269284630040075,3.329009943795936,3.24254215304799,7.303370786516854,7.191961924907457,3.896103896103896
PoliceReportFiled,No,97.29454275919578,97.26424325828904,96.88715953307393,97.23303069606571,6.047043138748691,6.031746031746032,6.113342257920571
PoliceReportFiled,Yes,2.705457240804225,2.7357567417109543,3.11284046692607,2.7669693039342844,3.767123287671233,4.335187057633974,2.7777777777777777
WitnessPresent,No,99.47187992217178,99.46750943096121,99.30825767401643,99.39472546476438,5.998509687034277,6.0006882958420675,6.007836308228123
WitnessPresent,Yes,0.528120077828222,0.5324905690387854,0.6917423259835711,0.6052745352356248,3.508771929824561,3.116883116883117,6.25
AgentType,External,98.43417029556194,98.42604086346458,98.44357976653697,98.44357976653697,6.052334337349398,6.027998805571657,6.104523495827844
AgentType,Internal,1.5658297044380616,1.5739591365354226,1.556420233463035,1.556420233463035,1.7751479289940828,3.317223198594024,0.0
NumberOfSuppliments,none,45.390530899657186,45.350216281072036,46.73584089926502,46.087332468655426,6.634006940191877,6.465582969898441,7.123034227567067
NumberOfSuppliments,1 to 2,16.306865561011765,16.31703243697421,14.829226113272806,16.68828361435365,6.306818181818182,5.956770502225048,7.288629737609329
NumberOfSuppliments,3 to 5,13.21226721022885,13.284948151324139,12.710765239948119,12.840466926070038,5.46984572230014,5.663569402149866,3.061224489795918
NumberOfSuppliments,more than 5,25.090336329102197,25.04780313062962,25.72416774751405,24.38391699092088,4.874446085672083,5.305080066261734,4.705882352941177
AddressChange_Claim,under 6 months,0.01853052904660428,0.011064739096909826,0.08646779074794639,,100.0,90.625,50.0
AddressChange_Claim,1 year,1.1303622718428612,1.1061281365942042,1.2537829658452226,0.8214440121054908,7.377049180327869,5.25164113785558,3.4482758620689653
AddressChange_Claim,2 to 3 years,1.917909756323543,1.8125425733125409,1.4267185473411155,2.204928664072633,21.256038647342994,17.760396795116367,12.121212121212121
AddressChange_Claim,4 to 8 years,4.141573241916056,4.089112642501737,4.107220060527453,3.8478166882836145,4.697986577181208,5.276509386098427,5.263157894736842
AddressChange_Claim,no change,92.79162420087094,92.98115190849461,93.12581063553826,93.12581063553826,5.691462805791312,5.785621848364497,5.942432683379758
NumberOfCars,1 vehicle,92.73603261373113,92.7999668057827,92.90964115866839,93.25551232166018,5.9546408232590675,5.95191963753428,5.956258724988367
NumberOfCars,2 vehicles,4.678958584267581,4.583222397798116,4.539559014267185,4.280155642023346,5.742574257425743,5.914749151263674,6.666666666666667
NumberOfCars,3 to 4,2.4367645696284628,2.472969188159346,2.5075659316904453,2.204928664072633,7.604562737642586,7.270693512304251,6.896551724137931
NumberOfCars,5 to 8,0.12971370332622997,0.12344099554990025,0.043233895373973194,0.25940337224383914,7.142857142857142,6.722689075630252,0.0
NumberOfCars,more than 8,0.01853052904660428,0.02040061270992749,,,0.0,13.559322033898304,
BasePolicy,All Perils,28.953951635319186,28.931872326741747,29.269347168179856,27.929096411586684,10.272,10.285277210091666,9.748892171344165
BasePolicy,Collision,38.88631520429908,38.877689682476564,38.52140077821012,37.78642455685257,7.124136287824637,7.104422921280361,7.631874298540965
BasePolicy,Liability,32.159733160381734,32.19043799078169,32.20925205361003,34.28447903156074,0.7490636704119851,0.7690903036617722,0.6711409395973155
WeekOfMonth,1,20.42990827388122,20.558631015155235,21.6169476869866,20.83873757025508,5.895691609977324,6.2044839127436635,5.4
WeekOfMonth,2,23.19095710182526,23.132565947573884,22.87073065283182,22.69779507133593,6.552137435077906,6.315301714473626,6.805293005671078
WeekOfMonth,3,23.959974057259334,24.003914151455533,23.216601815823605,22.351923908344144,6.225831399845321,5.890148514138374,5.400372439478584
WeekOfMonth,4,22.014268507365887,21.961432468785333,21.703415477734545,22.481625594466063,5.513468013468013,5.685360707875429,5.776892430278884
WeekOfMonth,5,10.404892059668304,10.343456417030017,10.592304366623432,11.629917855598789,5.342831700801424,5.669586146954604,7.346938775510205
WeekOfMonthClaimed,1,22.134716946168815,22.192408897433328,22.784262862083875,23.043666234327713,6.195060694851402,5.939359945155963,5.692599620493358
WeekOfMonthClaimed,2,24.061891967015658,24.0862081484888,24.340683095546908,24.21098140942499,5.467847516365037,5.824085904190413,6.571936056838366
WeekOfMonthClaimed,3,23.237283424441767,23.320320739124572,23.605706874189362,22.87073065283182,6.2599681020733655,6.133977818634719,5.677655677655678
WeekOfMonthClaimed,4,22.533123320670807,22.50948282717915,21.660181582360572,21.6169476869866,6.126644736842105,6.003164411127667,7.18562874251497
WeekOfMonthClaimed,5,8.032984341702956,7.891579387774154,7.609165585819282,8.25767401642888,5.767012687427912,6.116636726109626,2.840909090909091
RepNumber,1,6.198461966089132,6.212505229818089,6.9174232598357115,6.8309554690877645,6.576980568011958,5.894139255301386,6.875000000000001
RepNumber,2,5.9019735013434635,5.858087805620196,7.17682663207955,6.614785992217899,5.337519623233909,6.026443159013104,9.036144578313253
RepNumber,3,6.179931437042527,6.180694104914473,5.447470817120623,6.744487678339818,6.746626686656672,6.030769230769231,6.349206349206349
RepNumber,4,5.9853608820531825,5.9469514914922526,5.793341980112408,5.706874189364462,5.572755417956656,6.238734810163382,5.970149253731343
RepNumber,5,6.485685166311499,6.482554018402044,6.48508430609598,5.923043666234327,4.571428571428571,5.8299551952208235,6.666666666666667
RepNumber,6,6.022421940146391,6.005732917944587,6.09597924773022,6.528318201469953,6.769230769230769,5.970407047037826,9.219858156028367
RepNumber,7,7.1157231538960435,7.163035472861999,6.355382619974059,6.658019887591872,6.901041666666667,5.937439660166055,9.523809523809524
RepNumber,8,6.087278791809506,6.038927135235316,5.966277561608301,5.879809770860354,6.54490106544901,5.886057829945606,2.1739130434782608
RepNumber,9,6.355971462985269,6.325918805561415,6.614785992217899,6.9174232598357115,6.997084548104956,6.039901612462422,4.57516339869281
RepNumber,10,6.355971462985269,6.314508293367727,6.355382619974059,6.614785992217899,7.434402332361516,5.963202277954222,4.081632653061225
RepNumber,11,6.207727230612433,6.230139657753789,6.355382619974059,5.663640293990489,6.567164179104477,6.032856032856033,4.081632653061225
RepNumber,12,6.522746224404708,6.530270705757468,5.577172503242543,6.22568093385214,4.971590909090909,5.8720745525786295,3.875968992248062
RepNumber,13,5.716668210877421,5.79100782484518,6.48508430609598,5.40423692174665,5.834683954619125,6.0007165034631,5.333333333333334
RepNumber,14,5.939034559436672,5.933120567621115,5.923043666234327,7.047124945957631,4.6801872074882995,6.0959263360335685,7.2992700729927
RepNumber,15,6.355971462985269,6.379513635562072,6.441850410722005,6.09597924773022,4.810495626822157,6.3197831978319785,4.697986577181208
RepNumber,16,6.569072547021218,6.60703233324228,6.009511456982274,5.14483354950281,5.359661495063469,5.673016537575885,5.755395683453238
Deductible,300,0.06485685166311499,0.059818745742668746,0.043233895373973194,,14.285714285714285,20.23121387283237,100.0
Deductible,400,96.29389419067914,96.3351509472454,96.58452226545612,95.54690877648076,5.676897912056192,5.747501866421639,5.953446732318711
Deductible,500,1.7326044658575002,1.6804572503431796,1.2105490704712496,2.075226977950713,22.459893048128343,18.51851851851852,7.142857142857142
Deductible,700,1.9086444918002408,1.924573056668753,2.1616947686986596,2.3778642455685257,6.310679611650485,6.503772906934962,6.0
DriverRating,1,25.757435374779952,25.76666539883198,25.551232166018156,24.77302204928664,5.683453237410072,5.722030623062575,7.2758037225042305
DriverRating,2,24.728991012693413,24.773259291787543,24.816255944660615,24.08127972330307,5.769951292618958,5.887279122351561,6.097560975609756
DriverRating,3,24.895765774112853,24.84656318830457,25.853869433635975,25.897103329009948,6.363974692966133,6.4223885997383725,5.852842809364549
DriverRating,4,24.617807838413786,24.61351212107591,23.778642455685254,25.248594898400345,6.134738426797139,5.918464823555855,4.7272727272727275
Year,1994,39.785045863059395,39.765289221906805,40.121054907047125,39.73194984868137,6.590591523055426,6.433689262982158,7.112068965517242
Year,1995,33.71629760029649,33.788947017188384,34.50064850843061,32.77129269347168,5.990656773838967,5.95272206303725,5.263157894736842
Year,1996,26.498656536644123,26.445763760904818,25.378296584522264,27.496757457846954,5.06993006993007,5.3528235032621625,5.281090289608177
